o:id,url,o:resource_template,o:resource_class,o:owner,o:is_public,o:item_set/o:id,o:item_set/dcterms:title,o:media/o:id,o:media/file,dcterms:title,dcterms:description,dcterms:identifier,dcterms:relation,dcterms:alternative,dcterms:abstract,dcterms:created,dcterms:isReplacedBy,dcterms:replaces,dcterms:isPartOf,dcterms:hasPart,dcterms:spatial,fabio:hasURL
3217,https://islam.zmo.de/s/westafrica/item/3217,Organization,foaf:Organization,frederick.madore@zmo.de,true,5840,,7420,https://islam.zmo.de/files/original/d91c31512972cd53301691301b2e96f9b79bb9fd.jpg,"Association des Élèves et Étudiants Musulmans au Burkina",,"https://www.wikidata.org/wiki/Q113551146 Q113551146","Maternité Sakina",AEEMB,"Officially recognized in 1986, the AEEMB aims to promote Islam in the francophone educational community. The association has been informally active under other names since the 1970s: Union Discipline Croyance (Discipline Belief Union), Troupe Muhammad (Muhammad Troop).|Officiellement reconnue en 1986, l'AEEMB vise la promotion de l'islam dans le milieu éducatif francophone. L'association a été active de manière informelle sous d’autres noms à partir des années 1970 : Union Discipline Croyance, Troupe Muhammad et Association Musulmane des Scolaires Voltaïques.",1986-01-21,,,"Fédération des Associations Islamiques du Burkina|Organisation de la Jeunesse Musulmane en Afrique de l'Ouest|Islamic organization",,"Burkina Faso",
3220,https://islam.zmo.de/s/westafrica/item/3220,Organization,foaf:Organization,frederick.madore@zmo.de,true,5840,,,,"Association des Femmes Islamiques du Burkina",,"https://www.wikidata.org/wiki/Q113551150 Q113551150",,AFIB,"National coalition of Muslim women|Regroupement national de femmes musulmanes",1996-09-21,,,"Islamic organization",,"Burkina Faso",
3221,https://islam.zmo.de/s/westafrica/item/3221,Organization,foaf:Organization,frederick.madore@zmo.de,true,5840,,7418,https://islam.zmo.de/files/original/84d8cee62accc2beb9f0d223d605bfa9d1fa223f.jpg,"Cercle d'Études, de Recherches et de Formation Islamiques",,"https://www.wikidata.org/wiki/Q113551179 Q113551179","Mosque of the Cercle d'Études, de Recherches et de Formation Islamiques",CERFI,"The CERFI is a kind of extension of the Association des Élèves et Étudiants Musulmans au Burkina (AEEMB) for activists who have entered the labour market|Le CERFI est en quelque sorte le prolongement de l'Association des Élèves et Étudiants Musulmans au Burkina (AEEMB) pour les militants qui ont intégré le marché du travail",1989-01,,"Organisation des Femmes Musulmanes du Burkina","Fédération des Associations Islamiques du Burkina|Organisation de la Jeunesse Musulmane en Afrique de l'Ouest|Islamic organization",,"Burkina Faso",
3222,https://islam.zmo.de/s/westafrica/item/3222,Organization,foaf:Organization,frederick.madore@zmo.de,true,5840,,7419,https://islam.zmo.de/files/original/d8b11b673ef74cf2e9c9ebd6907e5f3023ce0c4e.jpg,"Fédération des Associations Islamiques du Burkina",,"https://www.wikidata.org/wiki/Q113551209 Q113551209",,FAIB,"Federation of more than 200 Burkinabe Islamic associations and the main representative of the country's Muslim community|Fédération regroupant plus de 200 associations islamiques burkinabè et principal porte-parole de la communauté musulmane du pays",2005-12,,,"Islamic organization",,"Burkina Faso",
3224,https://islam.zmo.de/s/westafrica/item/3224,Organization,foaf:Organization,frederick.madore@zmo.de,true,5840,,,,"Association Islamique de la Tijâniyya",,"https://www.wikidata.org/wiki/Q113551157 Q113551157",,AIT,"In January 1979, the Hamallists of Ramatoulaye, headed by Sheikh Sidi Mohamed Maïga, split from the Communauté Musulmane de Haute-Volta (CMHV) in order to be recognized by the State as a separate organization|En janvier 1979, les hamallistes de Ramatoulaye, avec à leur tête cheikh Sidi Mohamed Maïga, s'étaient séparés de la Communauté Musulmane de Haute-Volta (CMHV) afin de se faire reconnaitre par l'État en tant qu'association distincte",1979-01,"Communauté Islamique de la Tijâniyya du Burkina Faso",,"Islamic organization",,"Burkina Faso",
3225,https://islam.zmo.de/s/westafrica/item/3225,Organization,foaf:Organization,frederick.madore@zmo.de,true,5840,,7423,https://islam.zmo.de/files/original/88f17ef8555c322698ef0ac2b1c727a427f3fd57.png,"Africa Muslims Agency|Agence des Musulmans d'Afrique/Direct-Aid",,"https://www.wikidata.org/wiki/Q383896 Q383896",,AMA,"Islamic NGO founded in 1982 and based in Kuwait|ONG islamique fondée en 1982 et basée au Koweït",1982,,,"Islamic organization",,Kuwait,
3226,https://islam.zmo.de/s/westafrica/item/3226,Organization,foaf:Organization,frederick.madore@zmo.de,true,5840,,7438,https://islam.zmo.de/files/original/a9cf8d62ca53260dec6460fe4d4e59b41cca2f9f.jpg,"World Islamic Call Society|Association Mondiale de l'Appel Islamique",,"https://www.wikidata.org/wiki/Q2484347 Q2484347",,WICS|AMAI,,1972,,,"Islamic organization",,Libya,
3227,https://islam.zmo.de/s/westafrica/item/3227,Organization,foaf:Organization,frederick.madore@zmo.de,true,5840,,,,"Boko Haram",,"https://www.wikidata.org/wiki/Q212372 Q212372",,,"Insurgent and jihadist movement created in Maiduguri, Nigeria|Mouvement insurrectionnel et djihadiste formé à Maiduguri, Nigeria",2002,,,"Terrorist organization",,Cameroon|Niger|Nigeria,
3228,https://islam.zmo.de/s/westafrica/item/3228,Organization,foaf:Organization,frederick.madore@zmo.de,true,5840,,,,"Conseil Islamique Burkinabè",,"https://www.wikidata.org/wiki/Q113551182 Q113551182",,CIB,"The conflict within the Communauté Musulmane du Burkina Faso (CMBF), which began in 1982 between Western-educated, reformist Muslims and the traditionalist clan, led to a split with the creation of the CIB in 1991 by individuals from the second group|Le conflit à la Communauté Musulmane du Burkina Faso (CMBF), qui s’était manifesté à partir de 1982 entre des musulmans réformistes issus du système éducatif laïque et le clan traditionaliste avait mené à une scission avec la création du CIB en 1991 par des individus du second groupe",1991,,,"Islamic organization",,"Burkina Faso",
3229,https://islam.zmo.de/s/westafrica/item/3229,Organization,foaf:Organization,frederick.madore@zmo.de,true,5840,,,,"Communauté Musulmane du Burkina Faso",,"https://www.wikidata.org/wiki/Q113549431 Q113549431",,CMBF,"Formerly the Communauté Musulmane de Haute-Volta (CMHV). It was the first national Islamic association of the country.|Anciennement la Communauté Musulmane de Haute-Volta (CMHV). Elle fut la toute première association islamique d'envergure nationale du pays.",1962-12,,"Communauté Musulmane de Haute-Volta","Fédération des Associations Islamiques du Burkina|Islamic organization",,"Burkina Faso",
3230,https://islam.zmo.de/s/westafrica/item/3230,Organization,foaf:Organization,frederick.madore@zmo.de,true,5840,,,,"Commission Nationale d'Organisation du Pèlerinage à La Mecque",,"https://www.wikidata.org/wiki/Q113551190 Q113551190",Hadj,CNOPM,"Created following a government decree formalizing the takeover of the organization of the hajj by the State|Créée suite à un décret du gouvernement officialisant la prise en charge de l'organisation du hadj par l'État",1995-12-04,,"Commission Nationale de Pèlerinage","Islamic organization",,"Burkina Faso",
3231,https://islam.zmo.de/s/westafrica/item/3231,Organization,foaf:Organization,frederick.madore@zmo.de,true,5840,,,,"Support Group for Islam and Muslims|Groupe de Soutien à l'Islam et aux Musulmans|Jama'at Nasr al-Islam wal Muslimin",,"https://www.wikidata.org/wiki/Q28877411 Q28877411",,GSIM|JNIM,"Jihadist organization established in 2017 during the war in Mali|Organisation djihadiste  formée en 2017 pendant la guerre du Mali",2017-03-02,,,"Terrorist organization",,"Algeria|Burkina Faso|Libya|Mali|Mauritania|Niger|Chad|Tunisia",
3232,https://islam.zmo.de/s/westafrica/item/3232,Organization,foaf:Organization,frederick.madore@zmo.de,true,5840,,7430,https://islam.zmo.de/files/original/8fc2e2118c184341e7807d1e13dcb8ce530e243a.png,"Islamic world Educational, Scientific and Cultural Organization|Organisation du Monde Islamique pour l'Éducation, les Sciences et la Culture",,"https://www.wikidata.org/wiki/Q1264411 Q1264411",,ICESCO|ISESCO,"Organisation internationale spécialisée dans les domaines de l’éducation, des sciences, de la culture et de la communication dans les pays musulmans",1979-05,,,"Islamic organization",,Morocco,
3234,https://islam.zmo.de/s/westafrica/item/3234,Organization,foaf:Organization,frederick.madore@zmo.de,true,5840,,,,"Mouvement Sunnite du Burkina Faso",,"https://www.wikidata.org/wiki/Q113551236 Q113551236",,MSBF,"Main Salafi association in Burkina Faso|Principale association salafi du Burkina Faso",1973,,,"Fédération des Associations Islamiques du Burkina|Islamic organization",,"Burkina Faso",
3235,https://islam.zmo.de/s/westafrica/item/3235,Organization,foaf:Organization,frederick.madore@zmo.de,true,5840,,7429,https://islam.zmo.de/files/original/703d80311550386917c7b8ec5eab4b520fce662e.png,"Organisation of Islamic Cooperation|Organisation de la Coopération Islamique",,"https://www.wikidata.org/wiki/Q47543 Q47543",,"OIC|OCI|Organisation de la Conférence Islamique","The Organisation of Islamic Cooperation, formerly the Organisation of the Islamic Conference, is an intergovernmental organization founded in 1969 in Jeddah, Saudi Arabia|L'OCI, appelée jusqu'en 2011 Organisation de la Conférence Islamique, est une organisation intergouvernementale créée en 1969 à Djeddah en Arabie Saoudite",1969-09-25,,,"Islamic organization",,"Saudi Arabia",
3236,https://islam.zmo.de/s/westafrica/item/3236,Organization,foaf:Organization,frederick.madore@zmo.de,true,5840,,7431,https://islam.zmo.de/files/original/998e5c15e8b7aab3ab3441e3e11930c6a2fda7eb.jpg,"Union Fraternelle des Croyants de Dori",,"https://www.wikidata.org/wiki/Q113551254 Q113551254",,UFC-Dori,"Interfaith organization founded in Dori|Organisation interconfessionnelle fondée à Dori",1969,,,"Religious organization",,"Burkina Faso|Dori",
3237,https://islam.zmo.de/s/westafrica/item/3237,Organization,foaf:Organization,frederick.madore@zmo.de,true,5840,,,,"Association Islamique d'Al Mawadda Burkina Faso",,"https://www.wikidata.org/wiki/Q113551154 Q113551154","Shia Islam",AIMB,"Shiite Association of Francophone Muslims|Association chiite de musulmans francophones",,,,"Islamic organization",,"Burkina Faso",
3238,https://islam.zmo.de/s/westafrica/item/3238,Organization,foaf:Organization,frederick.madore@zmo.de,true,5840,,7421,https://islam.zmo.de/files/original/41e0a6f57cb997ae28b373f5c16fd98c9e1e5f32.jpg,"Association des Élèves et Étudiants Musulmans au Togo",,"https://www.wikidata.org/wiki/Q113551147 Q113551147",,AEEMT,"Togolese Islamic organization|Association islamique du Togo",1996-05-16,,,"Organisation de la Jeunesse Musulmane en Afrique de l'Ouest|Islamic organization",,Togo,
3239,https://islam.zmo.de/s/westafrica/item/3239,Organization,foaf:Organization,frederick.madore@zmo.de,true,5840,,11125,https://islam.zmo.de/files/original/e85bdfe2845c3099846252f6dfd881ce6635c0ad.jpg,"Association Culturelle des Étudiants et Élèves Musulmans du Bénin",,"https://www.wikidata.org/wiki/Q113551143 Q113551143","Amicale des Intellectuels Musulmans du Bénin|Mosquée Oumar Ibn Khattab",ACEEMUB,"Beninese Islamic organization|Association islamique du Bénin",2001-02-17,,"Communauté Islamique Universitaire du Bénin","Organisation de la Jeunesse Musulmane en Afrique de l'Ouest|Islamic organization","Congrès constitutif de l'ACEEMUB|4e congrès de l'ACEEMUB|5e congrès de l'ACEEMUB|8e congrès de l'ACEEMUB|9e congrès de l'ACEEMUB",Benin,
3240,https://islam.zmo.de/s/westafrica/item/3240,Organization,foaf:Organization,frederick.madore@zmo.de,true,5840,,7424,https://islam.zmo.de/files/original/3a3f1e6cf01d9668bc7ba752b378d7d91be53a53.jpg,"Association des Élèves et Étudiants Musulmans de Côte d'Ivoire",,"https://www.wikidata.org/wiki/Q113519450 Q113519450",,AEEMCI,"AEEMCI aims to promote Islam in Francophone schools and universities|L'AEEMCI vise la promotion de l'islam dans le milieu scolaire et universitaire du système d’éducation francophone",1975-01-16,,,"Organisation de la Jeunesse Musulmane en Afrique de l'Ouest|Islamic organization",,"Ivory Coast",
3391,https://islam.zmo.de/s/westafrica/item/3391,Organization,foaf:Organization,frederick.madore@zmo.de,true,5840,,7428,https://islam.zmo.de/files/original/831e15733b836c94caaa73533ee38ac9cdbb9d0c.png,"Organisation de la Jeunesse Musulmane en Afrique de l'Ouest",,"https://www.wikidata.org/wiki/Q113551241 Q113551241",,OJEMAO,"Islamic organization created in 1993, which gathers Islamic associations of Muslim youth from Benin, Burkina Faso, Ivory Coast, Guinea, Mali, Niger, Senegal and Togo|Organisation islamique créée en 1993, qui regroupe des associations islamiques de jeunesse musulmane du Bénin, du Burkina Faso, de la Côte d'Ivoire, de la Guinée, du Mali, du Niger, du Sénégal et du Togo",1993-08,,,"Islamic organization","Congrès OJEMAO (1993)|Congrès OJEMAO (1997)|Congrès OJEMAO (2000)|Congrès OJEMAO (2003)|Congrès OJEMAO (2007)|Congrès OJEMAO (2010)|Congrès OJEMAO (2016)|Congrès OJEMAO (2019)","Benin|Burkina Faso|Ivory Coast|Guinea|Mali|Niger|Senegal|Togo",
3392,https://islam.zmo.de/s/westafrica/item/3392,Organization,foaf:Organization,frederick.madore@zmo.de,true,5840,,,,"Association Burkinabè pour la Culture Islamique",,"https://www.wikidata.org/wiki/Q113551141 Q113551141",,ABCI,"Burkinabè Islamic organization|Association islamique du Burkina Faso",1986-11-08,,,"Islamic organization",,"Burkina Faso",
3393,https://islam.zmo.de/s/westafrica/item/3393,Organization,foaf:Organization,frederick.madore@zmo.de,true,5840,,,,"Association Burkinabè des Établissements Franco-Arabes",,"https://www.wikidata.org/wiki/Q113551142 Q113551142",,ABEFA,"Burkinabè Islamic organization|Association islamique du Burkina Faso",,,,"Islamic organization",,"Burkina Faso",
3394,https://islam.zmo.de/s/westafrica/item/3394,Organization,foaf:Organization,frederick.madore@zmo.de,true,5840,,,,"Association des Démarcheurs du Burkina pour le Pèlerinage",,"https://www.wikidata.org/wiki/Q113551144 Q113551144",Hadj,ADB,"Burkinabè Islamic organization|Association islamique du Burkina Faso",,,,"Islamic organization",,"Burkina Faso",
3395,https://islam.zmo.de/s/westafrica/item/3395,Organization,foaf:Organization,frederick.madore@zmo.de,true,5840,,,,"Association pour le Développement de la Finance Islamique au Burkina",,"https://www.wikidata.org/wiki/Q113551145 Q113551145",,ADEFI-BF,"Burkinabè Islamic organization|Association islamique du Burkina Faso",,,,"Islamic organization",,"Burkina Faso",
3396,https://islam.zmo.de/s/westafrica/item/3396,Organization,foaf:Organization,frederick.madore@zmo.de,true,5840,,,,"Association pour l'Établissement de l'Unité Islamique",,"https://www.wikidata.org/wiki/Q113551148 Q113551148",,AEUI,"Burkinabè Islamic organization|Association islamique du Burkina Faso",,,,"Islamic organization",,"Burkina Faso",
3397,https://islam.zmo.de/s/westafrica/item/3397,Organization,foaf:Organization,frederick.madore@zmo.de,true,5840,,,,"Association d'Entraide des Femmes Musulmanes du Burkina",,"https://www.wikidata.org/wiki/Q113551149 Q113551149",,AFEMB,"Burkinabè Islamic organization|Association islamique du Burkina Faso",,,,"Islamic organization",,"Burkina Faso",
3398,https://islam.zmo.de/s/westafrica/item/3398,Organization,foaf:Organization,frederick.madore@zmo.de,true,5840,,,,"Ahl ul Bayt",,"https://www.wikidata.org/wiki/Q113551151 Q113551151",,,"Burkinabè Islamic organization|Association islamique du Burkina Faso",,,,"Islamic organization",,"Burkina Faso",
3399,https://islam.zmo.de/s/westafrica/item/3399,Organization,foaf:Organization,frederick.madore@zmo.de,true,5840,,,,"Ahloul Faïda",,"https://www.wikidata.org/wiki/Q113551152 Q113551152",,,"Burkinabè Islamic organization|Association islamique du Burkina Faso",,,,"Islamic organization",,"Burkina Faso",
3400,https://islam.zmo.de/s/westafrica/item/3400,Organization,foaf:Organization,frederick.madore@zmo.de,true,5840,,7456,https://islam.zmo.de/files/original/4cd25aca9c821ab44735ce14758ec2d1bb0ad348.jpg,"Communauté islamique Ahmadiyya Burkina Faso",,"https://www.wikidata.org/wiki/Q22082354 Q22082354",Ahmadiyya,,,,,,"Islamic organization",,"Burkina Faso",
3401,https://islam.zmo.de/s/westafrica/item/3401,Organization,foaf:Organization,frederick.madore@zmo.de,true,5840,,,,"Association Islamique pour le Développement et la Réinsertion des Enfants Garibous",,"https://www.wikidata.org/wiki/Q113551153 Q113551153",,AID/REG,"Burkinabè Islamic organization|Association islamique du Burkina Faso",,,,"Islamic organization",,"Burkina Faso",
3402,https://islam.zmo.de/s/westafrica/item/3402,Organization,foaf:Organization,frederick.madore@zmo.de,true,5840,,,,"Aïnoul Hidaya",,"https://www.wikidata.org/wiki/Q113551155 Q113551155",,,"Burkinabè Islamic organization|Association islamique du Burkina Faso",,,,"Islamic organization",,"Burkina Faso",
3403,https://islam.zmo.de/s/westafrica/item/3403,Organization,foaf:Organization,frederick.madore@zmo.de,true,5840,,,,"Association Islamique Nachroul islam de Pouytenga",,"https://www.wikidata.org/wiki/Q113551156 Q113551156",,AINP,"Burkinabè Islamic organization|Association islamique du Burkina Faso",,,,"Islamic organization",,"Burkina Faso|Pouytenga",
3404,https://islam.zmo.de/s/westafrica/item/3404,Organization,foaf:Organization,frederick.madore@zmo.de,true,5840,,,,"Association des Jeunes Musulmans Arabophones et Francophones",,"https://www.wikidata.org/wiki/Q113551158 Q113551158",,AJEMAF,"Burkinabè Islamic organization|Association islamique du Burkina Faso",,,,"Islamic organization",,"Burkina Faso",
3405,https://islam.zmo.de/s/westafrica/item/3405,Organization,foaf:Organization,frederick.madore@zmo.de,true,5840,,,,"Association des Jeunes Musulmans pour l'Appel et la Sensibilisation",,"https://www.wikidata.org/wiki/Q113551159 Q113551159",,AJMAS,"Burkinabè Islamic organization|Association islamique du Burkina Faso",,,,"Islamic organization",,"Burkina Faso",
3406,https://islam.zmo.de/s/westafrica/item/3406,Organization,foaf:Organization,frederick.madore@zmo.de,true,5840,,7461,https://islam.zmo.de/files/original/37af6fe885a1502c901a773fdd73a95ef95f4a87.jpg,"Association des Jeunes Musulmans de Côte d'Ivoire",,"https://www.wikidata.org/wiki/Q113551160 Q113551160",,AJMCI,"Ivorian Islamic organization|Association islamique de Côte d'Ivoire",,,,"Islamic organization",,"Ivory Coast",
3407,https://islam.zmo.de/s/westafrica/item/3407,Organization,foaf:Organization,frederick.madore@zmo.de,true,5840,,,,"Association des jeunes musulmans pour un développement solidaire",,"https://www.wikidata.org/wiki/Q113551161 Q113551161",,AJMDS,"Burkinabè Islamic organization|Association islamique du Burkina Faso",,,,"Islamic organization",,"Burkina Faso",
3408,https://islam.zmo.de/s/westafrica/item/3408,Organization,foaf:Organization,frederick.madore@zmo.de,true,5840,,,,"Association des Jeunes Musulmans pour l'Éducation Humaine",,"https://www.wikidata.org/wiki/Q113551162 Q113551162",,AJMEH,"Burkinabè Islamic organization|Association islamique du Burkina Faso",,,,"Islamic organization",,"Burkina Faso",
3409,https://islam.zmo.de/s/westafrica/item/3409,Organization,foaf:Organization,frederick.madore@zmo.de,true,5840,,,,"Association des Jeunes Musulmans pour l'Éclaircissement de la Religion au Burkina Faso",,"https://www.wikidata.org/wiki/Q113551163 Q113551163",,AJMER-BF,"Burkinabè Islamic organization|Association islamique du Burkina Faso",,,,"Islamic organization",,"Burkina Faso",
3410,https://islam.zmo.de/s/westafrica/item/3410,Organization,foaf:Organization,frederick.madore@zmo.de,true,5840,,,,"Association des Jeunes Musulmans à Ouidi",,"https://www.wikidata.org/wiki/Q113551164 Q113551164",,AJMO,"Burkinabè Islamic organization|Association islamique du Burkina Faso",,,,"Islamic organization",,"Burkina Faso",
3411,https://islam.zmo.de/s/westafrica/item/3411,Organization,foaf:Organization,frederick.madore@zmo.de,true,5840,,,,"Association des Jeunes Musulmans de Tanghin",,"https://www.wikidata.org/wiki/Q113551165 Q113551165",,AJMT,"Burkinabè Islamic organization|Association islamique du Burkina Faso",,,,"Islamic organization",,"Burkina Faso",
3412,https://islam.zmo.de/s/westafrica/item/3412,Organization,foaf:Organization,frederick.madore@zmo.de,true,5840,,,,Al-Mourabitoun|Al-Mourabitoune,,"https://www.wikidata.org/wiki/Q16525650 Q16525650",,,"Armed group and terrorist organization of Salafist jihadist ideology|Groupe armé et organisation terroriste d'idéologie salafiste djihadiste",2013-08,,,"Terrorist organization",,"Algeria|Burkina Faso|Ivory Coast|Libya|Mali|Niger",
3413,https://islam.zmo.de/s/westafrica/item/3413,Organization,foaf:Organization,frederick.madore@zmo.de,true,5840,,,,"Alliance Musulmane de Banfora",,"https://www.wikidata.org/wiki/Q113551166 Q113551166",,AMB,"Burkinabè Islamic organization|Association islamique du Burkina Faso",,,,"Islamic organization",,"Banfora|Burkina Faso",
3414,https://islam.zmo.de/s/westafrica/item/3414,Organization,foaf:Organization,frederick.madore@zmo.de,true,5840,,,,"Association des Muezzins Saïd Bilal du Burkina Faso",,"https://www.wikidata.org/wiki/Q113551167 Q113551167",,AMSBBF,"Burkinabè Islamic organization|Association islamique du Burkina Faso",,,,"Islamic organization",,"Burkina Faso",
3415,https://islam.zmo.de/s/westafrica/item/3415,Organization,foaf:Organization,frederick.madore@zmo.de,true,5840,,,,"Ançar Dine",,"https://www.wikidata.org/wiki/Q113551168 Q113551168",,,"Malian Islamic Association|Association islamique malienne",,,,"Islamic organization",,Mali,
3416,https://islam.zmo.de/s/westafrica/item/3416,Organization,foaf:Organization,frederick.madore@zmo.de,true,5840,,,,"Ansar ul Islam|Ansarul Islam",,"https://www.wikidata.org/wiki/Q28499712 Q28499712",,,"Salafist jihadist group operating in Burkina Faso and Mali|Groupe salafiste djihadiste actif au Burkina Faso et au Mali",2016-12,,,"Terrorist organization",,"Burkina Faso|Mali|Soum",
3417,https://islam.zmo.de/s/westafrica/item/3417,Organization,foaf:Organization,frederick.madore@zmo.de,true,5840,,,,"Association Nationale de Solidarité Islamique",,"https://www.wikidata.org/wiki/Q113551169 Q113551169",,ANSI,"Burkinabè Islamic organization|Association islamique du Burkina Faso",,,,"Islamic organization",,"Burkina Faso",
3418,https://islam.zmo.de/s/westafrica/item/3418,Organization,foaf:Organization,frederick.madore@zmo.de,true,5840,,,,"al-Qaeda in the Islamic Maghreb|Al-Qaïda au Maghreb Islamique",,"https://www.wikidata.org/wiki/Q2635966 Q2635966",,AQIM|AQMI,"Armed group and terrorist organization of Salafist jihadist ideology|Groupe armé et organisation terroriste, d'idéologie salafiste djihadiste",2007,,,"Terrorist organization",,"Algeria|Burkina Faso|Ivory Coast|Libya|Mali|Mauritania|Niger|Tunisia",
3419,https://islam.zmo.de/s/westafrica/item/3419,Organization,foaf:Organization,frederick.madore@zmo.de,true,5840,,,,"Association du Message Islamique",,"https://www.wikidata.org/wiki/Q113551170 Q113551170",,,"Burkinabè Islamic organization|Association islamique du Burkina Faso",,,,"Islamic organization",,"Burkina Faso",
3420,https://islam.zmo.de/s/westafrica/item/3420,Organization,foaf:Organization,frederick.madore@zmo.de,true,5840,,,,"Association pour la bienfaisance RAHMA du Burkina Faso",,"https://www.wikidata.org/wiki/Q113551171 Q113551171",,,"Burkinabè Islamic organization|Association islamique du Burkina Faso",,,,"Islamic organization",,"Burkina Faso",
3421,https://islam.zmo.de/s/westafrica/item/3421,Organization,foaf:Organization,frederick.madore@zmo.de,true,5840,,,,"At-Tarbiya Al-Islamiya",,"https://www.wikidata.org/wiki/Q113551172 Q113551172",,,"Burkinabè Islamic organization|Association islamique du Burkina Faso",,,,"Islamic organization",,"Burkina Faso",
3422,https://islam.zmo.de/s/westafrica/item/3422,Organization,foaf:Organization,frederick.madore@zmo.de,true,5840,,,,"Mutuelle d'épargne et de crédit Baïtoul Maal",,"https://www.wikidata.org/wiki/Q113551174 Q113551174",,,"Burkinabè Islamic organization|Association islamique du Burkina Faso",,,,"Islamic organization",,"Burkina Faso",
3423,https://islam.zmo.de/s/westafrica/item/3423,Organization,foaf:Organization,frederick.madore@zmo.de,true,5840,,7460,https://islam.zmo.de/files/original/7c6b87e1939d5b055ec6bfcda73fd85511a7d19d.jpg,"Le Balai Citoyen",,"https://www.wikidata.org/wiki/Q18712407 Q18712407",,,"Burkinabè political movement|Mouvement politique burkinabè",2013,,,,,"Burkina Faso",
3424,https://islam.zmo.de/s/westafrica/item/3424,Organization,foaf:Organization,frederick.madore@zmo.de,true,5840,,7450,https://islam.zmo.de/files/original/6c34f59bee4c818c154042b4eca33653b6585c92.jpg,"Islamic Development Bank|Banque Islamique de Développement",,"https://www.wikidata.org/wiki/Q41230 Q41230",,IDB|BID,"Multilateral development financing institution located in Jeddah, Saudi Arabia|Institution multilatérale de financement du développement située à Djeddah, en Arabie saoudite",1975,,,"Islamic organization",,"Saudi Arabia",
3425,https://islam.zmo.de/s/westafrica/item/3425,Organization,foaf:Organization,frederick.madore@zmo.de,true,5840,,,,"Comité d'Appel à l'Islam",,"https://www.wikidata.org/wiki/Q113551175 Q113551175",,CAI,"Burkinabè Islamic organization|Association islamique du Burkina Faso",1988-03-28,,,"Islamic organization",,"Bobo-Dioulasso|Burkina Faso",
3426,https://islam.zmo.de/s/westafrica/item/3426,Organization,foaf:Organization,frederick.madore@zmo.de,true,5840,,7459,https://islam.zmo.de/files/original/1a8b95d7f7db96579a6b6bc6a4e263328b010aba.jpg,"Centre Culturel Islamique du Burkina",,"https://www.wikidata.org/wiki/Q113551176 Q113551176",,CCIB,"Burkinabè Islamic organization|Association islamique du Burkina Faso",,,,"Islamic organization",,"Burkina Faso",
3427,https://islam.zmo.de/s/westafrica/item/3427,Organization,foaf:Organization,frederick.madore@zmo.de,true,5840,,7458,https://islam.zmo.de/files/original/af13fed6274404aa320fa44a3570edde4650c94b.png,"Congress for Democracy and Progress|Congrès pour la Démocratie et le Progrès",,"https://www.wikidata.org/wiki/Q592045 Q592045",,CDP,"Burkinabè political party|Parti politique au Burkina Faso",1996-02-06,,,"Political party",,"Burkina Faso",
3428,https://islam.zmo.de/s/westafrica/item/3428,Organization,foaf:Organization,frederick.madore@zmo.de,true,5840,,,,"Comité de Défense de la Révolution",,"https://www.wikidata.org/wiki/Q113551177 Q113551177",,CDR,,,,,"Conseil National de la Révolution",,"Burkina Faso",
3429,https://islam.zmo.de/s/westafrica/item/3429,Organization,foaf:Organization,frederick.madore@zmo.de,true,5840,,,,"Commission Électorale Nationale Indépendante",,"https://www.wikidata.org/wiki/Q113551178 Q113551178","Elections in Burkina Faso",CENI,"Election commission in Burkina Faso|Commission électorale au Burkina Faso",1998,,,,,"Burkina Faso",
3430,https://islam.zmo.de/s/westafrica/item/3430,Organization,foaf:Organization,frederick.madore@zmo.de,true,5840,,,,"Chef de File de l'Opposition Politique",,"https://www.wikidata.org/wiki/Q113551180 Q113551180",,CFOP,,,,,"Political party",,"Burkina Faso",
3431,https://islam.zmo.de/s/westafrica/item/3431,Organization,foaf:Organization,frederick.madore@zmo.de,true,5840,,,,"Coordination Islamique des Actions de Lutte contre les IST et le Sida",,"https://www.wikidata.org/wiki/Q113551181 Q113551181",HIV/AIDS,CIALIS,"Burkinabè Islamic organization|Association islamique du Burkina Faso",,,,"Islamic organization",,"Burkina Faso",
3432,https://islam.zmo.de/s/westafrica/item/3432,Organization,foaf:Organization,frederick.madore@zmo.de,true,5840,,,,"Communauté Islamique de la Tijâniyya du Burkina Faso",,"https://www.wikidata.org/wiki/Q113551183 Q113551183",,CITB,"Burkinabè Islamic organization|Association islamique du Burkina Faso",,,"Association Islamique de la Tijâniyya","Fédération des Associations Islamiques du Burkina|Islamic organization",,"Burkina Faso",
3433,https://islam.zmo.de/s/westafrica/item/3433,Organization,foaf:Organization,frederick.madore@zmo.de,true,5840,,,,"Communauté Musulmane des Femmes du Burkina Faso",,"https://www.wikidata.org/wiki/Q113551184 Q113551184",,CMFBF,"Burkinabè Islamic organization|Association islamique du Burkina Faso",,,,"Islamic organization",,"Burkina Faso",
3434,https://islam.zmo.de/s/westafrica/item/3434,Organization,foaf:Organization,frederick.madore@zmo.de,true,5840,,,,"Communauté Musulmane de Ouagadougou",,"https://www.wikidata.org/wiki/Q113551185 Q113551185",,CMO,"Burkinabè Islamic organization|Association islamique du Burkina Faso",,"Communauté Musulmane de Haute-Volta",,"Islamic organization",,"Burkina Faso|Ouagadougou",
3435,https://islam.zmo.de/s/westafrica/item/3435,Organization,foaf:Organization,frederick.madore@zmo.de,true,5840,,,,"Communauté Musulmane de la Riviera",,"https://www.wikidata.org/wiki/Q113551186 Q113551186",,CMR,"Ivorian Islamic organization|Association islamique de Côte d'Ivoire",,,,"Islamic organization",,"Abidjan|Ivory Coast",
3436,https://islam.zmo.de/s/westafrica/item/3436,Organization,foaf:Organization,frederick.madore@zmo.de,true,5840,,,,"Comité Militaire de Redressement pour le Progrès National",,"https://www.wikidata.org/wiki/Q113551187 Q113551187","Saye Zerbo",CMRPN,,1980-11-25,,,"Political party",,"Burkina Faso",
3437,https://islam.zmo.de/s/westafrica/item/3437,Organization,foaf:Organization,frederick.madore@zmo.de,true,5840,,,,"Conseil National Islamique",,"https://www.wikidata.org/wiki/Q113551188 Q113551188",,CNI,"Ivorian Islamic organization|Association islamique de Côte d'Ivoire",,,,"Islamic organization",,"Ivory Coast",
3438,https://islam.zmo.de/s/westafrica/item/3438,Organization,foaf:Organization,frederick.madore@zmo.de,true,5840,,,,"Comité National pour l'Organisation du Pèlerinage à la Mecque",,"https://www.wikidata.org/wiki/Q113551189 Q113551189",Hadj,CNOPM,"Burkinabè Islamic organization|Association islamique du Burkina Faso",,,,"Islamic organization",,"Burkina Faso",
3439,https://islam.zmo.de/s/westafrica/item/3439,Organization,foaf:Organization,frederick.madore@zmo.de,true,5840,,,,"Conseil National de la Révolution",,"https://www.wikidata.org/wiki/Q113551191 Q113551191",,CNR,,1983-10-04,,,,,"Burkina Faso",
3440,https://islam.zmo.de/s/westafrica/item/3440,Organization,foaf:Organization,frederick.madore@zmo.de,true,5840,,,,"Coalition pour la Démocratie et la Réconciliation Nationale",,"https://www.wikidata.org/wiki/Q113551195 Q113551195",,CODER,,,,,"Political party",,"Burkina Faso",
3441,https://islam.zmo.de/s/westafrica/item/3441,Organization,foaf:Organization,frederick.madore@zmo.de,true,5840,,,,"Collectif des Organisations Démocratiques de Masse et de Partis Politiques",,"https://www.wikidata.org/wiki/Q113551196 Q113551196",,CODMPP,"Political alliance in Burkina Faso|Alliance politique burkinabè",1998-12,,,"Political party",,"Burkina Faso",
3442,https://islam.zmo.de/s/westafrica/item/3442,Organization,foaf:Organization,frederick.madore@zmo.de,true,5840,,,,"Comité Culturel et de la Jeunesse Musulmane",,"https://www.wikidata.org/wiki/Q113551197 Q113551197",,,"Burkinabè Islamic organization|Association islamique du Burkina Faso",1972,,,"Communauté Musulmane de Haute-Volta|Islamic organization",,"Burkina Faso",
3443,https://islam.zmo.de/s/westafrica/item/3443,Organization,foaf:Organization,frederick.madore@zmo.de,true,5840,,,,"Conseil Consultatif sur les Réformes Politiques",,"https://www.wikidata.org/wiki/Q113551200 Q113551200",,CCRP,,,,,,,"Burkina Faso",
3444,https://islam.zmo.de/s/westafrica/item/3444,Organization,foaf:Organization,frederick.madore@zmo.de,true,5840,,,,"Coordination des Associations Islamiques de l'Ouest",,"https://www.wikidata.org/wiki/Q113551201 Q113551201",,,"Burkinabè Islamic organization|Association islamique du Burkina Faso",,,,"Islamic organization",,"Bobo-Dioulasso|Burkina Faso",
3445,https://islam.zmo.de/s/westafrica/item/3445,Organization,foaf:Organization,frederick.madore@zmo.de,true,5840,,,,COPRESS-AEEMB,,"https://www.wikidata.org/wiki/Q113551202 Q113551202",,,"Burkinabè Islamic organization|Association islamique du Burkina Faso",,,,"Association des Élèves et Étudiants Musulmans au Burkina|Islamic organization",,"Burkina Faso",
3446,https://islam.zmo.de/s/westafrica/item/3446,Organization,foaf:Organization,frederick.madore@zmo.de,true,5840,,7457,https://islam.zmo.de/files/original/6449836c0842fcc1d2d8dae929f1d7dd898764d5.jpg,"Conseil Supérieur des Imams, des Mosquées et des Affaires islamiques",,"https://www.wikidata.org/wiki/Q113551203 Q113551203",,"COSIM|Conseil Supérieur des Imams","Ivorian Islamic organization|Association islamique de Côte d'Ivoire",,,,"Islamic organization",,"Ivory Coast",
3447,https://islam.zmo.de/s/westafrica/item/3447,Organization,foaf:Organization,frederick.madore@zmo.de,true,5840,,,,"Conseil Supérieur de la Communication",,"https://www.wikidata.org/wiki/Q113551204 Q113551204",,CSC,,,,,,,"Burkina Faso",
3448,https://islam.zmo.de/s/westafrica/item/3448,Organization,foaf:Organization,frederick.madore@zmo.de,true,5840,,,,"Communauté spirituelle des soufis du Burkina Faso",,"https://www.wikidata.org/wiki/Q113551205 Q113551205",,CSMSBF,"Burkinabè Islamic organization|Association islamique du Burkina Faso",,,,"Islamic organization",,"Burkina Faso",
3449,https://islam.zmo.de/s/westafrica/item/3449,Organization,foaf:Organization,frederick.madore@zmo.de,true,5840,,,,"Comité National de Suivi du Pèlerinage à la Mecque",,"https://www.wikidata.org/wiki/Q113551206 Q113551206",Hadj,CNSPM,"Burkinabè Islamic organization|Association islamique du Burkina Faso",,,,"Islamic organization",,"Burkina Faso",
3450,https://islam.zmo.de/s/westafrica/item/3450,Organization,foaf:Organization,frederick.madore@zmo.de,true,5840,,,,"Daawatoul Islamia",,"https://www.wikidata.org/wiki/Q113551207 Q113551207",,,"Islamic website of Burkina Faso|Site web islamique du Burkina Faso",,,,"Islamic organization",,"Burkina Faso",
3451,https://islam.zmo.de/s/westafrica/item/3451,Organization,foaf:Organization,frederick.madore@zmo.de,true,5840,,,,"Fédération des Acteurs Économiques Musulmans du Burkina",,"https://www.wikidata.org/wiki/Q113551208 Q113551208",,FACEM-B,"Burkinabè Islamic organization|Association islamique du Burkina Faso",,,,"Islamic organization",,"Burkina Faso",
3452,https://islam.zmo.de/s/westafrica/item/3452,Organization,foaf:Organization,frederick.madore@zmo.de,true,5840,,,,"Forces de Défense et de Sécurité",,"https://www.wikidata.org/wiki/Q113551210 Q113551210",,FDS,,,,,,,"Burkina Faso",
3453,https://islam.zmo.de/s/westafrica/item/3453,Organization,foaf:Organization,frederick.madore@zmo.de,true,5840,,,,"Fédération associative pour la paix et le progrès avec Blaise Compaoré",,"https://www.wikidata.org/wiki/Q113551211 Q113551211",,FEDAP-BC,"Burkinabè political organization|Organisation politique burkinabè",,,,"Political party",,"Burkina Faso",
3454,https://islam.zmo.de/s/westafrica/item/3454,Organization,foaf:Organization,frederick.madore@zmo.de,true,5840,,,,"Fédération des Églises et Missions Évangéliques",,"https://www.wikidata.org/wiki/Q113551212 Q113551212",Protestants,FEME,,,,,"Christian organization",,"Burkina Faso",
3455,https://islam.zmo.de/s/westafrica/item/3455,Organization,foaf:Organization,frederick.madore@zmo.de,true,5840,,,,"Fédération Mondiale pour la Réconciliation Sociale et la Paix",,"https://www.wikidata.org/wiki/Q113551213 Q113551213",,FEMORES/PAIX,,,,,,,"Burkina Faso",
3456,https://islam.zmo.de/s/westafrica/item/3456,Organization,foaf:Organization,frederick.madore@zmo.de,true,5840,,7445,https://islam.zmo.de/files/original/70f3fa0d8b288d23f54dbdeeb7ff61cd5a9cae55.png,"Fondation Islamique Aboudou Assouma pour la Charité",,"https://www.wikidata.org/wiki/Q113551214 Q113551214",,FI2AC,"Togolese Islamic organization|Association islamique du Togo",,,,"Islamic organization",,Togo,
3457,https://islam.zmo.de/s/westafrica/item/3457,Organization,foaf:Organization,frederick.madore@zmo.de,true,5840,,,,"Fondation Abdallah Ben Massoud",,"https://www.wikidata.org/wiki/Q113551215 Q113551215",,,"Burkinabè Islamic organization|Association islamique du Burkina Faso",,,,"Islamic organization",,"Burkina Faso",
3458,https://islam.zmo.de/s/westafrica/item/3458,Organization,foaf:Organization,frederick.madore@zmo.de,true,5840,,,,"Fondation Aly Gourga",,"https://www.wikidata.org/wiki/Q113551216 Q113551216",,,"Burkinabè Islamic organization|Association islamique du Burkina Faso",,,,"Islamic organization",,"Burkina Faso",
3459,https://islam.zmo.de/s/westafrica/item/3459,Organization,foaf:Organization,frederick.madore@zmo.de,true,5840,,,,"Fondation islamique El Hadj Moussa Yugo",,"https://www.wikidata.org/wiki/Q113551217 Q113551217",,,"Burkinabè Islamic organization|Association islamique du Burkina Faso",,,,"Islamic organization",,"Burkina Faso",
3460,https://islam.zmo.de/s/westafrica/item/3460,Organization,foaf:Organization,frederick.madore@zmo.de,true,5840,,,,"Fondation Mohammed VI des Ouléma Africains",,"https://www.wikidata.org/wiki/Q77296169 Q77296169",,FM6OA,,2015-07-13,,,"Islamic organization",,Morocco,
3461,https://islam.zmo.de/s/westafrica/item/3461,Organization,foaf:Organization,frederick.madore@zmo.de,true,5840,,,,"Fondation Omar Ben Khattab",,"https://www.wikidata.org/wiki/Q113551219 Q113551219",,,"Burkinabè Islamic organization|Association islamique du Burkina Faso",,,,"Islamic organization",,"Burkina Faso",
3462,https://islam.zmo.de/s/westafrica/item/3462,Organization,foaf:Organization,frederick.madore@zmo.de,true,5840,,7453,https://islam.zmo.de/files/original/f79a90e35729cbcb406a668e309ff6979c27ccdd.jpg,"Fondation de Solidarité et d'Aide au Peuple Africain",,"https://www.wikidata.org/wiki/Q113551220 Q113551220",,FOSAPA,"Turkish-Burkinabè non-governmental organization|Organisation non gouvernementale turquo-burkinabè",2008,,,"Islamic organization|Non-governmental organization",,"Burkina Faso|Turkey",
3463,https://islam.zmo.de/s/westafrica/item/3463,Organization,foaf:Organization,frederick.madore@zmo.de,true,5840,,7452,https://islam.zmo.de/files/original/219a8fb2bbddf405d49e640b859a388957dec7fc.jpg,"G5 Sahel",,"https://www.wikidata.org/wiki/Q18816679 Q18816679",,G5S,"Institutional framework for coordination and monitoring of regional cooperation in development and security policies|Cadre institutionnel de coordination et de suivi de la coopération régionale en matière de politiques de développement et de sécurité",2014-02-16,,,,,"Burkina Faso|Mali|Mauritania|Niger|Chad",
3464,https://islam.zmo.de/s/westafrica/item/3464,Organization,foaf:Organization,frederick.madore@zmo.de,true,5840,,,,"Groupe d'Action et de Promotion pour une Culture Islamique",,"https://www.wikidata.org/wiki/Q113551221 Q113551221",,GAFCI,"Burkinabè Islamic organization|Association islamique du Burkina Faso",,,,"Islamic organization",,"Burkina Faso",
3465,https://islam.zmo.de/s/westafrica/item/3465,Organization,foaf:Organization,frederick.madore@zmo.de,true,5840,,7439,https://islam.zmo.de/files/original/f4b9323b5bd667f5261be303ed12d90da10d223b.png,"HASENE International",,"https://www.wikidata.org/wiki/Q113551222 Q113551222",,,"Turkish Islamic NGO|ONG islamique turque",,,,"Islamic organization|Non-governmental organization",,Germany|Turkey,
3466,https://islam.zmo.de/s/westafrica/item/3466,Organization,foaf:Organization,frederick.madore@zmo.de,true,5840,,,,"Haut Conseil pour la Reconciliation et l'Unité Nationale",,"https://www.wikidata.org/wiki/Q113551223 Q113551223",,HCRUN,,,,,,,"Burkina Faso",
3467,https://islam.zmo.de/s/westafrica/item/3467,Organization,foaf:Organization,frederick.madore@zmo.de,true,5840,,7451,https://islam.zmo.de/files/original/cfc7e48e361e919c7ea18fa5ddb1c00c633eec97.png,"Humanity First",,"https://www.wikidata.org/wiki/Q1636705 Q1636705","Ahmadiyya|Communauté islamique Ahmadiyya Burkina Faso",,"International non-governmental organization|Organisation internationale non gouvernementale",1992,,,"Non-governmental organization",,"United Kingdom",
3468,https://islam.zmo.de/s/westafrica/item/3468,Organization,foaf:Organization,frederick.madore@zmo.de,true,5840,,,,Iqra,,"https://www.wikidata.org/wiki/Q113551224 Q113551224",,,"Burkinabè Islamic organization|Association islamique du Burkina Faso",,,,"Islamic organization",,"Burkina Faso",
3469,https://islam.zmo.de/s/westafrica/item/3469,Organization,foaf:Organization,frederick.madore@zmo.de,true,5840,,7449,https://islam.zmo.de/files/original/f5ab9d8edc7c67e2328edf7e6cec923378dbce92.jpg,"International Islamic Trade Finance Corporation|Société Internationale Islamique de Financement du Commerce",,"https://www.wikidata.org/wiki/Q6051229 Q6051229",,ITFC,,2008,,,"Islamic Development Bank|Islamic organization",,"Saudi Arabia",
3470,https://islam.zmo.de/s/westafrica/item/3470,Organization,foaf:Organization,frederick.madore@zmo.de,true,5840,,,,"Ittihad Islami",,"https://www.wikidata.org/wiki/Q113551226 Q113551226",,,"Burkinabè Islamic organization|Association islamique du Burkina Faso",,,,"Fédération des Associations Islamiques du Burkina|Islamic organization",,"Burkina Faso",
3471,https://islam.zmo.de/s/westafrica/item/3471,Organization,foaf:Organization,frederick.madore@zmo.de,true,5840,,7448,https://islam.zmo.de/files/original/4f54ddf52bf15679a43fce23e4bb689caa42dfef.jpg,"Jeunesse Étudiante Catholique (Burkina Faso)",,"https://www.wikidata.org/wiki/Q113551227 Q113551227",Catholics,JEC,"Burkinabè Catholic action organization|Mouvement d'action catholique burkinabè",1948,,,"Christian organization",,"Burkina Faso",
3472,https://islam.zmo.de/s/westafrica/item/3472,Organization,foaf:Organization,frederick.madore@zmo.de,true,5840,,7447,https://islam.zmo.de/files/original/c2b9a35be6c9ff3b80f12931f931f3aef68044ba.jpg,"Jamaat Ibadour Rahmane",,"https://www.wikidata.org/wiki/Q113551228 Q113551228",,JIR,"Burkinabè Islamic organization|Association islamique du Burkina Faso",,,,"Islamic organization",,"Burkina Faso",
3473,https://islam.zmo.de/s/westafrica/item/3473,Organization,foaf:Organization,frederick.madore@zmo.de,true,5840,,,,"Ligue des Femmes de la Communauté Musulmane du Burkina Faso",,"https://www.wikidata.org/wiki/Q113551229 Q113551229",,LFCMB,"Burkinabè Islamic organization|Association islamique du Burkina Faso",,,,"Islamic organization",,"Burkina Faso",
3474,https://islam.zmo.de/s/westafrica/item/3474,Organization,foaf:Organization,frederick.madore@zmo.de,true,5840,,,,"Ligue Burkinabè pour la mémorisation du Saint Coran",,"https://www.wikidata.org/wiki/Q113551231 Q113551231",,LIBULMESCO,"Burkinabè Islamic organization|Association islamique du Burkina Faso",,,,"Islamic organization",,"Burkina Faso",
3475,https://islam.zmo.de/s/westafrica/item/3475,Organization,foaf:Organization,frederick.madore@zmo.de,true,5840,,,,"Ligue Nationale des Jeunes Musulmanes du Burkina",,"https://www.wikidata.org/wiki/Q113551232 Q113551232",,LINAJEMB,"Burkinabè Islamic organization|Association islamique du Burkina Faso",,,,"Islamic organization",,"Burkina Faso",
3476,https://islam.zmo.de/s/westafrica/item/3476,Organization,foaf:Organization,frederick.madore@zmo.de,true,5840,,7446,https://islam.zmo.de/files/original/cecd11af67d8c3f86ad380c10934c8e8c978b608.jpg,"Ligue Islamique pour la Paix au Faso",,"https://www.wikidata.org/wiki/Q113551233 Q113551233",,LIPF,"Burkinabè Islamic organization|Association islamique du Burkina Faso",2015-06,,,"Islamic organization",,"Burkina Faso",
3477,https://islam.zmo.de/s/westafrica/item/3477,Organization,foaf:Organization,frederick.madore@zmo.de,true,5840,,,,"Ligue Nationale des Musulmans du Burkina",,"https://www.wikidata.org/wiki/Q113551234 Q113551234",,LNMB,"Burkinabè Islamic organization|Association islamique du Burkina Faso",,,,"Islamic organization",,"Burkina Faso",
3478,https://islam.zmo.de/s/westafrica/item/3478,Organization,foaf:Organization,frederick.madore@zmo.de,true,5840,,,,"Mutuelle Islamique du Burkina",,"https://www.wikidata.org/wiki/Q113551235 Q113551235",,MIB,"Burkinabè Islamic organization|Association islamique du Burkina Faso",,,,"Islamic organization",,"Burkina Faso",
3479,https://islam.zmo.de/s/westafrica/item/3479,Organization,foaf:Organization,frederick.madore@zmo.de,true,5840,,7440,https://islam.zmo.de/files/original/606ab832c5682400dda65cd0ccae6ecbc15ac519.png,"Mouvement du Peuple pour le Progrès",,"https://www.wikidata.org/wiki/Q21604403 Q21604403",,MPP,"Political party in Burkina Faso|Parti politique burkinabè",2014-01-25,,,"Political party",,"Burkina Faso",
3480,https://islam.zmo.de/s/westafrica/item/3480,Organization,foaf:Organization,frederick.madore@zmo.de,true,5840,,,,"Nas-Air Charter Aviation",,"https://www.wikidata.org/wiki/Q113551237 Q113551237",,,"Saudi Arabian Airline|Compagnie aérienne d'Arabie saoudite",,,,"Travel agency",,"Saudi Arabia",
3481,https://islam.zmo.de/s/westafrica/item/3481,Organization,foaf:Organization,frederick.madore@zmo.de,true,5840,,,,"Organisation des Agences de Voyages pour le Pèlerinage",,"https://www.wikidata.org/wiki/Q113551238 Q113551238",Hadj,OAVP,"Burkinabè Islamic organization|Association islamique du Burkina Faso",,,,"Islamic organization",,"Burkina Faso",
3482,https://islam.zmo.de/s/westafrica/item/3482,Organization,foaf:Organization,frederick.madore@zmo.de,true,5840,,,,"Organisation Culturelle pour le Développement Islamique",,"https://www.wikidata.org/wiki/Q113551239 Q113551239",,OCDIS,"Burkinabè Islamic organization|Association islamique du Burkina Faso",,,,"Islamic organization",,"Burkina Faso",
3483,https://islam.zmo.de/s/westafrica/item/3483,Organization,foaf:Organization,frederick.madore@zmo.de,true,5840,,,,"Organisation des Femmes Musulmanes du Burkina",,"https://www.wikidata.org/wiki/Q113551240 Q113551240",,OFMB,"Burkinabè Islamic organization|Association islamique du Burkina Faso",,"Cercle d'Études, de Recherches et de Formation Islamiques",,"Islamic organization",,"Burkina Faso",
3484,https://islam.zmo.de/s/westafrica/item/3484,Organization,foaf:Organization,frederick.madore@zmo.de,true,5840,,7442,https://islam.zmo.de/files/original/e8365a0319ebbf82508f5f0b13d6258c94751aca.jpg,"International Islamic Relief Organization|Organisation Islamique Internationale de Secours",,"https://www.wikidata.org/wiki/Q1130774 Q1130774",,IIRO|OIIS|OISI,"Saudi Arabian charity|ONG islamique saoudienne",1979-01-29,,,"Islamic organization",,"Saudi Arabia",
3485,https://islam.zmo.de/s/westafrica/item/3485,Organization,foaf:Organization,frederick.madore@zmo.de,true,5840,,,,"Okaz Voyage",,"https://www.wikidata.org/wiki/Q113551242 Q113551242",,,"Burkinabè travel agency|Agence de voyage burkinabè",,,,"Travel agency",,"Burkina Faso",
3486,https://islam.zmo.de/s/westafrica/item/3486,Organization,foaf:Organization,frederick.madore@zmo.de,true,5840,,7441,https://islam.zmo.de/files/original/888ba7c75a7db10ce73adb1b7c6c1ff3ce3824de.png,"Observatoire National des Faits Religieux",,"https://www.wikidata.org/wiki/Q113551243 Q113551243",,ONAFAR,,2005-08-17,,,,,"Burkina Faso",
3487,https://islam.zmo.de/s/westafrica/item/3487,Organization,foaf:Organization,frederick.madore@zmo.de,true,5840,,7434,https://islam.zmo.de/files/original/a77da438c91d381f1051db82a363998cc0b042a4.jpg,"Qatar Charity",,"https://www.wikidata.org/wiki/Q12233279 Q12233279",,,"Islamic NGO from Qatar|ONG islamique du Qatar",1992,,,"Islamic organization|Non-governmental organization",,Qatar,
3488,https://islam.zmo.de/s/westafrica/item/3488,Organization,foaf:Organization,frederick.madore@zmo.de,true,5840,,,,"Ranguma voyage",,"https://www.wikidata.org/wiki/Q113551244 Q113551244",,,"Burkinabè travel agency|Agence de voyage burkinabè",,,,"Travel agency",,"Burkina Faso",
3489,https://islam.zmo.de/s/westafrica/item/3489,Organization,foaf:Organization,frederick.madore@zmo.de,true,5840,,,,"Réseau Burkinabè des Organisations Islamiques en Population et Développement",,"https://www.wikidata.org/wiki/Q113551246 Q113551246",,RBOIPD,"Burkinabè Islamic organization|Association islamique du Burkina Faso",,,,"Islamic organization",,"Burkina Faso",
3490,https://islam.zmo.de/s/westafrica/item/3490,Organization,foaf:Organization,frederick.madore@zmo.de,true,5840,,,,"Réseau des Journalistes et Communicateurs Musulmans",,"https://www.wikidata.org/wiki/Q113551247 Q113551247",,REJCOM,"Burkinabè Islamic organization|Association islamique du Burkina Faso",,,,"Islamic organization",,"Burkina Faso",
3491,https://islam.zmo.de/s/westafrica/item/3491,Organization,foaf:Organization,frederick.madore@zmo.de,true,5840,,7432,https://islam.zmo.de/files/original/a68c73558d62f1a2f83682ccdd84d7dcac0721e6.png,"Réseau national de lutte anti-corruption",,"https://www.wikidata.org/wiki/Q113551248 Q113551248",,REN-LAC,"Organisation de la société civile",1997,,,,,"Burkina Faso",
3492,https://islam.zmo.de/s/westafrica/item/3492,Organization,foaf:Organization,frederick.madore@zmo.de,true,5840,,7444,https://islam.zmo.de/files/original/f4253682bb38965468861f8da812c53af38ee32d.png,"Régiment de Sécurité Présidentielle",,"https://www.wikidata.org/wiki/Q18559344 Q18559344",,RSP,"Former unit of the Burkina Faso armed forces|Ancienne unité des forces armées du Burkina Faso",1995-11-21,,,,,"Burkina Faso",
3493,https://islam.zmo.de/s/westafrica/item/3493,Organization,foaf:Organization,frederick.madore@zmo.de,true,5840,,,,"Sana Voyages",,"https://www.wikidata.org/wiki/Q113551249 Q113551249",,,"Burkinabè travel agency|Agence de voyage burkinabè",,,,"Travel agency",,"Burkina Faso",
3494,https://islam.zmo.de/s/westafrica/item/3494,Organization,foaf:Organization,frederick.madore@zmo.de,true,5840,,,,"Secours médical islamique",,"https://www.wikidata.org/wiki/Q113551250 Q113551250",,SEMI,,,,,"Islamic organization",,,
3495,https://islam.zmo.de/s/westafrica/item/3495,Organization,foaf:Organization,frederick.madore@zmo.de,true,5840,,7437,https://islam.zmo.de/files/original/325b06aa150b7da9436488014d6cafc13c7a3f79.jpg,"Sharjah Charity International",,"https://www.wikidata.org/wiki/Q113551251 Q113551251",,,"Islamic NGO from the United Arab Emirates|ONG islamique émirati",1989,,,"Islamic organization|Non-governmental organization",,"United Arab Emirates",
3496,https://islam.zmo.de/s/westafrica/item/3496,Organization,foaf:Organization,frederick.madore@zmo.de,true,5840,,,,"STMB Tours",,"https://www.wikidata.org/wiki/Q113551252 Q113551252",,,"Burkinabè travel agency|Agence de voyage burkinabè",,,,"Travel agency",,"Burkina Faso",
3497,https://islam.zmo.de/s/westafrica/item/3497,Organization,foaf:Organization,frederick.madore@zmo.de,true,5840,,,,"Suudu Baaba",,"https://www.wikidata.org/wiki/Q113551253 Q113551253",,,"Burkinabè Islamic organization|Association islamique du Burkina Faso",,,,"Islamic organization",,"Burkina Faso",
3498,https://islam.zmo.de/s/westafrica/item/3498,Organization,foaf:Organization,frederick.madore@zmo.de,true,5840,,7436,https://islam.zmo.de/files/original/63de87599cb2bbb32f73c7dd7210a157e3c2d63d.png,UNESCO,,"https://www.wikidata.org/wiki/Q7809 Q7809",,,"Specialised agency of the United Nations for education, sciences, and culture|Institution spécialisée de l'ONU",1945-11-16,,,"Non-governmental organization",,France,
3499,https://islam.zmo.de/s/westafrica/item/3499,Organization,foaf:Organization,frederick.madore@zmo.de,true,5840,,7435,https://islam.zmo.de/files/original/f96aebe59a8e5abca6b17c81c45a08960a61fd37.png,UNICEF,,"https://www.wikidata.org/wiki/Q740308 Q740308",,"Specialised agency of United Nations|Organisation de la politique de développement de l'ONU",,1946-12-11,,,"Non-governmental organization",,"United States of America",
3500,https://islam.zmo.de/s/westafrica/item/3500,Organization,foaf:Organization,frederick.madore@zmo.de,true,5840,,7443,https://islam.zmo.de/files/original/fd75c4b27997312f947f0d685d6d467423047ca2.png,"Union pour le Progrès et le Changement",,"https://www.wikidata.org/wiki/Q1431782 Q1431782",,UPC,"Political party in Burkina Faso|Parti politique au Burkina Faso",2010-03-01,,,"Political party",,"Burkina Faso",
3501,https://islam.zmo.de/s/westafrica/item/3501,Organization,foaf:Organization,frederick.madore@zmo.de,true,5840,,,,"Union des Religieux et Coutumiers du Burkina",,"https://www.wikidata.org/wiki/Q113551255 Q113551255",,URCB,,,,,"Religious organization",,"Burkina Faso",
3502,https://islam.zmo.de/s/westafrica/item/3502,Organization,foaf:Organization,frederick.madore@zmo.de,true,5840,,,,"Voix du pèlerin",,"https://www.wikidata.org/wiki/Q113551256 Q113551256",,,"Burkinabè Islamic organization|Association islamique du Burkina Faso",2012,,,"Islamic organization",,"Burkina Faso",
3503,https://islam.zmo.de/s/westafrica/item/3503,Organization,foaf:Organization,frederick.madore@zmo.de,true,5840,,,,"Zahra voyages",,"https://www.wikidata.org/wiki/Q113551257 Q113551257",,,"Burkinabè travel agency|Agence de voyage burkinabè",,,,"Travel agency",,"Burkina Faso",
3504,https://islam.zmo.de/s/westafrica/item/3504,Organization,foaf:Organization,frederick.madore@zmo.de,true,5840,,7433,https://islam.zmo.de/files/original/5f753c778b9451c090cd7fe264aefbac98c6b985.png,"Zakat House",,"https://www.wikidata.org/wiki/Q113551258 Q113551258",,,"Islamic organization founded in Kuwait|Organisation islamique fondée au Koweït",1982-01-16,,,"Islamic organization",,Kuwait,
3505,https://islam.zmo.de/s/westafrica/item/3505,Organization,foaf:Organization,frederick.madore@zmo.de,true,5840,,,,"Communauté Musulmane de Haute-Volta",,"https://www.wikidata.org/wiki/Q113551093 Q113551093",,CMHV,"The very first national Islamic association of the country|Toute première association islamique d'envergure nationale du pays",1962-12,"Communauté Musulmane du Burkina Faso","Communauté Musulmane de Ouagadougou","Islamic organization",,"Burkina Faso",
3934,https://islam.zmo.de/s/westafrica/item/3934,Organization,foaf:Organization,frederick.madore@zmo.de,true,5840,,,,"Yeleen Ba",,"https://www.wikidata.org/wiki/Q113678596 Q113678596",,,"Burkinabè Islamic organization|Association islamique du Burkina Faso",2015,,,"Islamic organization",,"Burkina Faso",
4006,https://islam.zmo.de/s/westafrica/item/4006,Organization,foaf:Organization,frederick.madore@zmo.de,true,5840,,,,"Radio IQRA",,,,,,,,,"Radio station",,"Burkina Faso",
4020,https://islam.zmo.de/s/westafrica/item/4020,Organization,foaf:Organization,frederick.madore@zmo.de,true,5840,,,,Rachid-production,,,,,,,,,,,"Burkina Faso",
4021,https://islam.zmo.de/s/westafrica/item/4021,Organization,foaf:Organization,frederick.madore@zmo.de,true,5840,,,,"Office national d'édition de presse et d'imprimerie",,"https://www.wikidata.org/wiki/Q86684060 Q86684060",,ONIP,,,,,,,Benin,
4024,https://islam.zmo.de/s/westafrica/item/4024,Organization,foaf:Organization,frederick.madore@zmo.de,true,5840,,,,Bissmillahi-BF,,"https://www.wikidata.org/wiki/Q113955824 Q113955824",,,"Islamic website|Site internet islamique",,,,"Islamic organization",,"Burkina Faso",
4026,https://islam.zmo.de/s/westafrica/item/4026,Organization,foaf:Organization,frederick.madore@zmo.de,true,5840,,,,"Radio Ridwane","Islamic radio station|Chaîne de radio islamique",,"Aboubacar Doukouré",,,,,,"Radio station",,"Burkina Faso",
4032,https://islam.zmo.de/s/westafrica/item/4032,Organization,foaf:Organization,frederick.madore@zmo.de,true,5840,,7463,https://islam.zmo.de/files/original/96c8a716a03011e37e8a70e1ac3574e7c14382e7.png,"International Crisis Group",,"https://www.wikidata.org/wiki/Q1072857 Q1072857",,ICG,"Non-governmental organization|Organisation non gouvernementale",1995,,,"Non-governmental organization",,Belgium,
4037,https://islam.zmo.de/s/westafrica/item/4037,Organization,foaf:Organization,frederick.madore@zmo.de,true,5840,,,,"Radio Al Fajir","Islamic radio station|Chaîne de radio islamique",,,,,,,,"Radio station",,"Burkina Faso",
4038,https://islam.zmo.de/s/westafrica/item/4038,Organization,foaf:Organization,frederick.madore@zmo.de,true,5840,,,,"Radio Al Houda","Islamic radio station|Chaîne de radio islamique",,"Télévision Al Houda",,,,,,"Radio station",,"Burkina Faso",
4132,https://islam.zmo.de/s/westafrica/item/4132,Organization,foaf:Organization,frederick.madore@zmo.de,true,5840,,,,"Human Rights Watch",,"https://www.wikidata.org/wiki/Q187052 Q187052",,HRW,"International human rights advocacy and research NGO based in New York City|ONG internationale de recherche et de défense des droits de l'homme basée à New York",1978,,,"Non-governmental organization",,"United States of America",
4150,https://islam.zmo.de/s/westafrica/item/4150,Organization,foaf:Organization,frederick.madore@zmo.de,true,5840,,,,"Commission Nationale de Pèlerinage",,,Hadj,CNP,,1979-07-19,"Commission Nationale d'Organisation du Pèlerinage à La Mecque",,"Islamic organization",,"Burkina Faso",
4232,https://islam.zmo.de/s/westafrica/item/4232,Organization,foaf:Organization,frederick.madore@zmo.de,true,5840,,,,"Union Culturelle Musulmane",,"https://www.wikidata.org/wiki/Q3550061 Q3550061",,UCM,,1953,,,"Islamic organization",,Senegal,
4263,https://islam.zmo.de/s/westafrica/item/4263,Organization,foaf:Organization,frederick.madore@zmo.de,true,5840,,,,"Islamic State in the Greater Sahara|État islamique dans le Grand Sahara",,"https://www.wikidata.org/wiki/Q36504631 Q36504631",,ISGS|EIGS,"Terrorist group adhering to the ideology of Salafi Jihadism|Organisation terroriste d'idéologie salafiste djihadiste",2015-05-15,,,"Terrorist organization",,"Benin|Burkina Faso|Mali|Niger",
4264,https://islam.zmo.de/s/westafrica/item/4264,Organization,foaf:Organization,frederick.madore@zmo.de,true,5840,,,,"Volontaires pour la défense de la patrie",,,,VDP,"Self-defense armed group in Burkina Faso created to fight jihadist insurgents|Milice burkinabè formée en décembre 2019 pendant l'Insurrection djihadiste au Burkina Faso",2019-12,,,,,"Burkina Faso",
4358,https://islam.zmo.de/s/westafrica/item/4358,Organization,foaf:Organization,frederick.madore@zmo.de,true,5840,,,,"People's Revolutionary Party of Benin|Parti de la révolution populaire du Bénin",,"https://www.wikidata.org/wiki/Q478120 Q478120","Mathieu Kérékou",PRPB,,1975-11-30,,,"Political party",,Benin,
4359,https://islam.zmo.de/s/westafrica/item/4359,Organization,foaf:Organization,frederick.madore@zmo.de,true,5840,,,,"Communauté Islamique Universitaire du Bénin",,"https://www.wikidata.org/wiki/Q114611608 Q114611608","Amicale des Intellectuels Musulmans du Bénin|University of Abomey-Calavi",CIUB,"Beninese Islamic organization|Association islamique du Bénin",1975,"Association Culturelle des Étudiants et Élèves Musulmans du Bénin",,"Islamic organization",,Benin,
4362,https://islam.zmo.de/s/westafrica/item/4362,Organization,foaf:Organization,frederick.madore@zmo.de,true,5840,,,,Promediation,,"https://www.wikidata.org/wiki/Q114047271 Q114047271",,,,,,,"Non-governmental organization",,France,
4364,https://islam.zmo.de/s/westafrica/item/4364,Organization,foaf:Organization,frederick.madore@zmo.de,true,5840,,,,"Cadre de Concertation des Confessions Religieuses",,"https://www.wikidata.org/wiki/Q114644145 Q114644145",,CCCR,,2007-05-25,,,"Religious organization",,Benin,
4371,https://islam.zmo.de/s/westafrica/item/4371,Organization,foaf:Organization,frederick.madore@zmo.de,true,5840,,12845,https://islam.zmo.de/files/original/86c2ece49ef64b3cd12f59a80b32b60915b22470.jpg,"Amicale des Intellectuels Musulmans du Bénin",,"https://www.wikidata.org/wiki/Q114715128 Q114715128","Association Culturelle des Étudiants et Élèves Musulmans du Bénin|Communauté Islamique Universitaire du Bénin",AIMB,,1999,,,"Organisation de la Jeunesse Musulmane en Afrique de l'Ouest|Islamic organization",,Benin,
4385,https://islam.zmo.de/s/westafrica/item/4385,Organization,foaf:Organization,frederick.madore@zmo.de,true,5840,,,,"Office de Radiodiffusion et Télévision du Bénin",,"https://www.wikidata.org/wiki/Q3349568 Q3349568",,ORTB,,1972,,,Broadcaster,,Benin,
4387,https://islam.zmo.de/s/westafrica/item/4387,Organization,foaf:Organization,frederick.madore@zmo.de,true,5840,,7468,https://islam.zmo.de/files/original/6edcdba71fd12413f25038729992d170e44c2088.png,"Bloc républicain",,"https://www.wikidata.org/wiki/Q96273366 Q96273366",,BR,,2018-12-08,,,"Political party",,Benin,
4416,https://islam.zmo.de/s/westafrica/item/4416,Organization,foaf:Organization,frederick.madore@zmo.de,true,5840,,,,"Parti national pour la démocratie et le développement",,"https://www.wikidata.org/wiki/Q18379571 Q18379571",,PNDD,,1989,,,"Political party",,Benin,
4429,https://islam.zmo.de/s/westafrica/item/4429,Organization,foaf:Organization,frederick.madore@zmo.de,true,5840,,7470,https://islam.zmo.de/files/original/627b772b81ba07ed5198c643c5466b118e18c14b.jpg,"Union Islamique du Bénin",,"https://www.wikidata.org/wiki/Q115517212 Q115517212","Conseil Supérieur de l'Islam au Bénin",UIB,,,,"Union Islamique du Dahomey","Islamic organization",,Benin,
4430,https://islam.zmo.de/s/westafrica/item/4430,Organization,foaf:Organization,frederick.madore@zmo.de,true,5840,,,,"Union Islamique du Dahomey",,"https://www.wikidata.org/wiki/Q115517304 Q115517304",,UID,,,"Union Islamique du Bénin",,"Islamic organization",,Benin,
4464,https://islam.zmo.de/s/westafrica/item/4464,Organization,foaf:Organization,frederick.madore@zmo.de,true,5840,,,,"Arab League|Ligue arabe",,"https://www.wikidata.org/wiki/Q7172 Q7172","Arab Bank for Economic Development in Africa",,,1945-03-22,,,,,,
4466,https://islam.zmo.de/s/westafrica/item/4466,Organization,foaf:Organization,frederick.madore@zmo.de,true,5840,,,,"Union de la Jeunesse Musulmane du Dahomey",,"https://www.wikidata.org/wiki/Q115794804 Q115794804",,UJMD,,,,,"Islamic organization",,Benin,
4611,https://islam.zmo.de/s/westafrica/item/4611,Organization,foaf:Organization,frederick.madore@zmo.de,true,5840,,7473,https://islam.zmo.de/files/original/12bfc7ef7ea5a719a3ffa300955f00f7b63c22c8.png,"Muslim World League|Ligue Islamique Mondiale",,"https://www.wikidata.org/wiki/Q1525141 Q1525141",,LIM,,1962,,,"Islamic organization",,"Saudi Arabia",
4612,https://islam.zmo.de/s/westafrica/item/4612,Organization,foaf:Organization,frederick.madore@zmo.de,true,5840,,,,"Arab Bank for Economic Development in Africa|Banque arabe pour le développement économique en Afrique",,"https://www.wikidata.org/wiki/Q4783148 Q4783148","Arab League",BADEA,,,,,,,Sudan,
4613,https://islam.zmo.de/s/westafrica/item/4613,Organization,foaf:Organization,frederick.madore@zmo.de,true,5840,,,,"Haute Autorité de l'audiovisuel et de la communication",,"https://www.wikidata.org/wiki/Q65149979 Q65149979",,HAAC,,1990-02-28,,,,,Benin,
4617,https://islam.zmo.de/s/westafrica/item/4617,Organization,foaf:Organization,frederick.madore@zmo.de,true,5840,,,,"﻿Association pour le Développement de la Culture Islamique",,"https://www.wikidata.org/wiki/Q115960068 Q115960068",,ADCI,,,,,"Islamic organization",,Benin,
4618,https://islam.zmo.de/s/westafrica/item/4618,Organization,foaf:Organization,frederick.madore@zmo.de,true,5840,,,,"Association Dahoméenne pour la Défense des Intérêts de l'Islam",,"https://www.wikidata.org/wiki/Q115960069 Q115960069","Karim Urbain da Silva",ADDIS,,,,,"Islamic organization",,Benin,
4619,https://islam.zmo.de/s/westafrica/item/4619,Organization,foaf:Organization,frederick.madore@zmo.de,true,5840,,,,"Association Islamique et Culturelle pour le Développement",,"https://www.wikidata.org/wiki/Q115960073 Q115960073",,AICD,,,,,"Islamic organization",,Benin,
4620,https://islam.zmo.de/s/westafrica/item/4620,Organization,foaf:Organization,frederick.madore@zmo.de,true,5840,,,,"Association des Jeunes pour la Solidarité, le développement et la coopération inter religieuse",,"https://www.wikidata.org/wiki/Q115960077 Q115960077",,AJSODECIR,,,,,"Islamic organization",,Benin,
4621,https://islam.zmo.de/s/westafrica/item/4621,Organization,foaf:Organization,frederick.madore@zmo.de,true,5840,,,,"Association des Femmes Musulmanes du Bénin",,"https://www.wikidata.org/wiki/Q115960078 Q115960078",,AFMB,,,,,"Islamic organization",,Benin,
4622,https://islam.zmo.de/s/westafrica/item/4622,Organization,foaf:Organization,frederick.madore@zmo.de,true,5840,,,,"Conseil National de la Coordination du Hadj au Bénin",,"https://www.wikidata.org/wiki/Q115960079 Q115960079",,CONACO,,,,,"Islamic organization",,Benin,
4623,https://islam.zmo.de/s/westafrica/item/4623,Organization,foaf:Organization,frederick.madore@zmo.de,true,5840,,,,"Conseil Supérieur de l'Islam au Bénin",,"https://www.wikidata.org/wiki/Q115960080 Q115960080","Union Islamique du Bénin",CSIB,,,,,"Islamic organization",,Benin,
4624,https://islam.zmo.de/s/westafrica/item/4624,Organization,foaf:Organization,frederick.madore@zmo.de,true,5840,,,,"Fondation islamique Naimatou Akadri Toukourou",,"https://www.wikidata.org/wiki/Q115960081 Q115960081",,FINAT,,,,,"Islamic organization",,Benin,
4625,https://islam.zmo.de/s/westafrica/item/4625,Organization,foaf:Organization,frederick.madore@zmo.de,true,5840,,,,"Fonds National de la Zakat et Awkaf du Bénin",,"https://www.wikidata.org/wiki/Q115960082 Q115960082",,FONZAB,,,,,"Islamic organization",,Benin,
4626,https://islam.zmo.de/s/westafrica/item/4626,Organization,foaf:Organization,frederick.madore@zmo.de,true,5840,,,,"Majority Moubarak Islam",,"https://www.wikidata.org/wiki/Q115960083 Q115960083",,,,1950,,,"Islamic organization",,Benin,
4627,https://islam.zmo.de/s/westafrica/item/4627,Organization,foaf:Organization,frederick.madore@zmo.de,true,5840,,,,"Organisation Humanitaire pour l'Entraide Islamique au Bénin",,"https://www.wikidata.org/wiki/Q115960084 Q115960084",,OHEI-Bénin,,,,,"Islamic organization",,Benin,
4628,https://islam.zmo.de/s/westafrica/item/4628,Organization,foaf:Organization,frederick.madore@zmo.de,true,5840,,,,"Réseau des Associations et ONG Islamiques du Bénin",,"https://www.wikidata.org/wiki/Q115960085 Q115960085",,RAI-Bénin,,,,,"Islamic organization","7e congrès du RAI-Bénin",Benin,
4629,https://islam.zmo.de/s/westafrica/item/4629,Organization,foaf:Organization,frederick.madore@zmo.de,true,5840,,,,"Union des Femmes Musulmanes du Mono",,"https://www.wikidata.org/wiki/Q115960086 Q115960086",,UFMUMO,,,,,"Islamic organization",,Benin,
9893,https://islam.zmo.de/s/westafrica/item/9893,Organization,foaf:Organization,frederick.madore@zmo.de,true,5840,,9894,https://islam.zmo.de/files/original/f899894d0ebbab67848583993b0ab653742d9e12.jpg,"Agence Bénin Presse",,"https://www.wikidata.org/wiki/Q16525411 Q16525411",,ABP,"official press agency of the government of Benin|agence de presse officielle du gouvernement du Bénin",1963,,,,,Benin,
10520,https://islam.zmo.de/s/westafrica/item/10520,Organization,foaf:Organization,frederick.madore@zmo.de,true,5840,,,,"Radio La Voix de l'islam","Islamic radio station|Chaîne de radio islamique",,,,,,,,"Radio station",,Benin,
10555,https://islam.zmo.de/s/westafrica/item/10555,Organization,foaf:Organization,frederick.madore@zmo.de,true,5840,,10556,https://islam.zmo.de/files/original/3e99ab4ae23fac60ca788fa330936263d146e796.png,"Amnesty International",,"https://www.wikidata.org/wiki/Q42970 Q42970",,,"Non-governmental organization|Organisation non gouvernementale",1961-05-28,,,"Non-governmental organization",,"United Kingdom",
10557,https://islam.zmo.de/s/westafrica/item/10557,Organization,foaf:Organization,frederick.madore@zmo.de,true,5840,,10558,https://islam.zmo.de/files/original/83ffa437341eda3fab6feb246c45fedfe895fb52.jpg,"Institute for Security Studies",,"https://www.wikidata.org/wiki/Q18126017 Q18126017",,"ISS|ISS Africa","Research Institute in South Africa|Institut de recherche en Afrique du Sud",1991,,,,,,
10559,https://islam.zmo.de/s/westafrica/item/10559,Organization,foaf:Organization,frederick.madore@zmo.de,true,5840,,,,"Clingendael Institute",,"https://www.wikidata.org/wiki/Q2357617 Q2357617",,"Netherlands Institute of International Relations Clingendael","Research institute in the Netherlands|Institut de recherche aux Pays-Bas",1983,,,,,,
10599,https://islam.zmo.de/s/westafrica/item/10599,Organization,foaf:Organization,frederick.madore@zmo.de,true,5840,,,,"Institut français des relations internationales",,"https://www.wikidata.org/wiki/Q3152296 Q3152296",,IFRI,,,,,,,France,
10856,https://islam.zmo.de/s/westafrica/item/10856,Organization,foaf:Organization,frederick.madore@zmo.de,true,5840,,,,"Daarul Hadeethis Salafiyyah",,,,,,,,,"Islamic organization",,Nigeria|Zaria,
11124,https://islam.zmo.de/s/westafrica/item/11124,Organization,foaf:Organization,frederick.madore@zmo.de,true,5840,,,,"Fondation Cheick Yacouba Sylla",,"https://www.wikidata.org/wiki/Q120669816 Q120669816",,FOCYS,,1998,,,,,"Ivory Coast",
11189,https://islam.zmo.de/s/westafrica/item/11189,Organization,foaf:Organization,frederick.madore@zmo.de,true,5840,,,,"Conférence Nationale des Associations Islamiques du Bénin",,,"Yacouba Fassassi",CONAIB-Shoura,,,,,"Islamic organization",,Benin,
11190,https://islam.zmo.de/s/westafrica/item/11190,Organization,foaf:Organization,frederick.madore@zmo.de,true,5840,,,,"Cercle d'Études et de Recherche Islam et Développement",,,"Mohamed Bachir Soumanou",CERID,,,,,"Islamic organization",,Benin,
11191,https://islam.zmo.de/s/westafrica/item/11191,Organization,foaf:Organization,frederick.madore@zmo.de,true,5840,,,,"Réseau des Journalistes et Professionnels des Médias Musulmans du Bénin",,,,RJP2MB,,,,,"Islamic organization",,Benin,
11415,https://islam.zmo.de/s/westafrica/item/11415,Organization,foaf:Organization,frederick.madore@zmo.de,true,5840,,,,"World Assembly of Muslim Youth|Assemblée mondiale de la jeunesse musulmane",,"https://www.wikidata.org/wiki/Q385137 Q385137",,WAMY,,1972,,,"Islamic organization",,"Saudi Arabia",
11416,https://islam.zmo.de/s/westafrica/item/11416,Organization,foaf:Organization,frederick.madore@zmo.de,true,5840,,,,"Al-Muntadah Al-Islami",,"https://www.wikidata.org/wiki/Q90038660 Q90038660",,"Al Muntada Trust|Al-Muntada|Al-Wifaq",,,,,"Islamic organization",,"United Kingdom",
11438,https://islam.zmo.de/s/westafrica/item/11438,Organization,foaf:Organization,frederick.madore@zmo.de,true,5840,,,,"Gouvernement Militaire Révolutionnaire",,,"Mathieu Kérékou",GMR,,,,,,,Benin,
11466,https://islam.zmo.de/s/westafrica/item/11466,Organization,foaf:Organization,frederick.madore@zmo.de,true,5840,,,,"Fan Club de l'Imam Chakirou Amoussou",,,"Chakirou Amoussou",Facica,,,,,"Islamic organization",,Benin,
11471,https://islam.zmo.de/s/westafrica/item/11471,Organization,foaf:Organization,frederick.madore@zmo.de,true,5840,,,,"Economic Community of West African States|Communauté Économique des États de l'Afrique de l'Ouest",,"https://www.wikidata.org/wiki/Q193272 Q193272",,ECOWAS|CEDEAO,,1975-05-28,,,,,,
11477,https://islam.zmo.de/s/westafrica/item/11477,Organization,foaf:Organization,frederick.madore@zmo.de,true,5840,,,,"African Union|Union africaine",,"https://www.wikidata.org/wiki/Q7159 Q7159",,AU|UA,"Supranational union in Africa|Organisation intergouvernementale d'États africains",1999-09-09,,,,,,
11480,https://islam.zmo.de/s/westafrica/item/11480,Organization,foaf:Organization,frederick.madore@zmo.de,true,5840,,,,"Fondation Malèhossou",,,"Yacoubou Malèhossou",,,,,,"Islamic organization",,Benin,
11486,https://islam.zmo.de/s/westafrica/item/11486,Organization,foaf:Organization,frederick.madore@zmo.de,true,5840,,,,"Association des fidèles musulmans amis de Patrice Talon",,,"Yacoubou Malèhossou",Afimata,,,,,,,Benin,
11492,https://islam.zmo.de/s/westafrica/item/11492,Organization,foaf:Organization,frederick.madore@zmo.de,true,5840,,,,"United Nations|Organisation des Nations Unies",,"https://www.wikidata.org/wiki/Q1065 Q1065",,UN|ONU,,1945,,,,,,
11498,https://islam.zmo.de/s/westafrica/item/11498,Organization,foaf:Organization,frederick.madore@zmo.de,true,5840,,,,"Conférence Épiscopale du Bénin",,"https://www.wikidata.org/wiki/Q85853030 Q85853030",,CEB,,1970,,,"Christian organization",,Benin,
11501,https://islam.zmo.de/s/westafrica/item/11501,Organization,foaf:Organization,frederick.madore@zmo.de,true,5840,,,,"Forces Cauris pour un Bénin Émergent",,"https://www.wikidata.org/wiki/Q5179821 Q5179821",,FCBE,,2003,,,"Political party",,Benin,
11502,https://islam.zmo.de/s/westafrica/item/11502,Organization,foaf:Organization,frederick.madore@zmo.de,true,5840,,,,"Association pour la Renaissance du Patrimoine Islamique",,,,"ARPI Bénin",,,,,"Islamic organization",,Benin,
11531,https://islam.zmo.de/s/westafrica/item/11531,Organization,foaf:Organization,frederick.madore@zmo.de,true,5840,,,,"Cercle des Femmes Musulmanes du Bénin",,,,CFMB,,,,,"Islamic organization",,Benin,
11692,https://islam.zmo.de/s/westafrica/item/11692,Organization,foaf:Organization,frederick.madore@zmo.de,true,5840,,11693,https://islam.zmo.de/files/original/eb4725d214d35ab65596f2e77bf03f6b79811305.jpg,"Laboratoire d'Analyse et de Recherche, Religions, Espaces et Développement",,"https://www.wikidata.org/wiki/Q122761709 Q122761709",,LARRED,,,,,"University of Abomey-Calavi",,Benin,https://www.facebook.com/LARREDbj
11695,https://islam.zmo.de/s/westafrica/item/11695,Organization,foaf:Organization,frederick.madore@zmo.de,true,5840,,11696,https://islam.zmo.de/files/original/2f8575a7d1050b872c782dd13176cfc3a47b667a.png,LibraryPress@UF,,"https://www.wikidata.org/wiki/Q122811624 Q122811624",,,"The LibraryPress@UF publishes scholarly, educational, and creative works, with an emphasis on promoting public access to scholarship and ethical practices in scholarly publishing. As a joint imprint of the Libraries and University of Florida Press, the LibraryPress@UF complements the work of the UF Press to collectively contribute to the shared missions of the Libraries, Press, and UF.|La LibraryPress@UF publie des ouvrages savants, éducatifs et créatifs, en mettant l'accent sur la promotion de l'accès public à la recherche et sur les pratiques éthiques en matière d'édition savante. En tant que publication conjointe des bibliothèques et des presses de l'Université de Floride, LibraryPress@UF complète le travail des presses de l'UF afin de contribuer collectivement aux missions communes des bibliothèques, des presses et de l'UF.",,,,,,"United States of America",https://librarypress.domains.uflib.ufl.edu/
11697,https://islam.zmo.de/s/westafrica/item/11697,Organization,foaf:Organization,frederick.madore@zmo.de,true,5840,,11698,https://islam.zmo.de/files/original/6764e2ccbef6831fdc2ff9a3c5e97432b0a4c8f5.png,"Sahel Research Group",,"https://www.wikidata.org/wiki/Q113533843 Q113533843",,,"The Sahel Research Group at the University of Florida is a collaborative effort to understand the political, social, economic and cultural dynamics of the countries of the West African Sahel. Our focus is primarily on the six Francophone countries of the region—Senegal, Mauritania, Mali, Burkina Faso, Niger and Chad. We are also interested in developments in neighboring countries, to the north and south, whose dynamics frequently intersect with those of the Sahel. The Sahel Research Group brings together faculty and graduate students from various disciplines at the University of Florida, in collaboration with colleagues from the region.|Le Sahel Research Group de l'Université de Floride est une initiative conjointe qui vise à comprendre les dynamiques politiques, sociales, économiques et culturelles des pays du Sahel en Afrique de l'Ouest. Nous nous concentrons principalement sur les six pays francophones de la région que sont le Sénégal, la Mauritanie, le Mali, le Burkina Faso, le Niger et le Tchad. Nos intérêts portent également sur les récents développements dans les pays limitrophes au nord et au sud, dont les dynamiques recoupent fréquemment celles des pays sahéliens. Le Sahel Research Group encourage les interactions entre professeurs et étudiants de second et troisième cycles provenant de disciplines variées de l'Université de Floride tout en favorisant les collaborations avec des collègues chercheurs du Sahel.",,,,,,"United States of America",https://sahelresearch.africa.ufl.edu/
11699,https://islam.zmo.de/s/westafrica/item/11699,Organization,foaf:Organization,frederick.madore@zmo.de,true,5840,,11700,https://islam.zmo.de/files/original/1fd2607ccb3cd0e02d9cbe458c1fa7109db17a5d.jpg,"Media in Cooperation and Transition",,"https://www.wikidata.org/wiki/Q122834538 Q122834538",,MiCT,,,,,,,Germany,https://mict-international.org/
11759,https://islam.zmo.de/s/westafrica/item/11759,Organization,foaf:Organization,frederick.madore@zmo.de,true,5840,,11760,https://islam.zmo.de/files/original/9eec250a33f34d0727165611d74d0c3325aceb2d.png,"Centre de Recherche et d'Action pour la Paix",,"https://www.wikidata.org/wiki/Q2945414 Q2945414",,"CERAP|INADES|Institut Africain pour le Développement Économique et Social",,1962,,,,,"Ivory Coast",
11761,https://islam.zmo.de/s/westafrica/item/11761,Organization,foaf:Organization,frederick.madore@zmo.de,true,5840,,,,"Jeunesse Musulmane du Bénin",,,,JMB,,,,"Jeunesse musulmane du Dahomey","Islamic organization",,Benin,
11762,https://islam.zmo.de/s/westafrica/item/11762,Organization,foaf:Organization,frederick.madore@zmo.de,true,5840,,,,"Jeunesse musulmane du Dahomey",,,,JMD,,,"Jeunesse Musulmane du Bénin",,"Islamic organization",,Benin,
12763,https://islam.zmo.de/s/westafrica/item/12763,Organization,foaf:Organization,frederick.madore@zmo.de,true,5840,,,,"Réseau des Écoles Madrasas en Côte d'Ivoire",,,"Islamic faith-based education",REMCI,,,,,"Non-governmental organization|Islamic organization",,"Ivory Coast",
