o:id,url,o:resource_template,o:resource_class,o:owner,o:is_public,o:item_set/o:id,o:item_set/dcterms:title,o:media/o:id,o:media/file,dcterms:title,dcterms:description,dcterms:identifier,dcterms:relation,dcterms:alternative,dcterms:isPartOf,bibo:citedBy,bibo:pages,geonames:lat,geonames:long
3241,https://islam.zmo.de/s/westafrica/item/3241,Location,dcterms:Location,frederick.madore@zmo.de,true,5842,,,,Abidjan,,"https://www.wikidata.org/wiki/Q1515 Q1515",,,"Ivory Coast",,,5.35444,-4.00167
3242,https://islam.zmo.de/s/westafrica/item/3242,Location,dcterms:Location,frederick.madore@zmo.de,true,5842,,,,Abomey,,"https://www.wikidata.org/wiki/Q189685 Q189685",,,Benin,,,7.18286,1.99119
3243,https://islam.zmo.de/s/westafrica/item/3243,Location,dcterms:Location,frederick.madore@zmo.de,true,5842,,,,Abomey-Calavi,,"https://www.wikidata.org/wiki/Q2473939 Q2473939",,,Benin,,,6.44852,2.35566
3244,https://islam.zmo.de/s/westafrica/item/3244,Location,dcterms:Location,frederick.madore@zmo.de,true,5842,,,,Adjarra,,"https://www.wikidata.org/wiki/Q2476120 Q2476120",,,Benin,,,6.53445,2.66833
3245,https://islam.zmo.de/s/westafrica/item/3245,Location,dcterms:Location,frederick.madore@zmo.de,true,5842,,10472,https://islam.zmo.de/files/original/ad22f02d1828defd050238be9acbd754eaa8352b.png,Algeria|Algérie,,"https://www.wikidata.org/wiki/Q262 Q262",,,Country,,,28,3
3246,https://islam.zmo.de/s/westafrica/item/3246,Location,dcterms:Location,frederick.madore@zmo.de,true,5842,,,,Allada,,"https://www.wikidata.org/wiki/Q960239 Q960239",,,Benin,,,6.66547,2.15138
3247,https://islam.zmo.de/s/westafrica/item/3247,Location,dcterms:Location,frederick.madore@zmo.de,true,5842,,10473,https://islam.zmo.de/files/original/aa95d7c57dc739e7fedd6bac0142538768224cc9.png,Germany|Allemagne,,"https://www.wikidata.org/wiki/Q183 Q183",,,Country,,,51.5,10.5
3248,https://islam.zmo.de/s/westafrica/item/3248,Location,dcterms:Location,frederick.madore@zmo.de,true,5842,,,,Aplahoué,,"https://www.wikidata.org/wiki/Q2336677 Q2336677",,,Benin,,,6.93333,1.68333
3249,https://islam.zmo.de/s/westafrica/item/3249,Location,dcterms:Location,frederick.madore@zmo.de,true,5842,,10474,https://islam.zmo.de/files/original/fbba10aef87594e077f70e8bdbc47d2048b1b1f4.png,"Saudi Arabia|Arabie saoudite",,"https://www.wikidata.org/wiki/Q851 Q851",,,Country,,,25,45
3250,https://islam.zmo.de/s/westafrica/item/3250,Location,dcterms:Location,frederick.madore@zmo.de,true,5842,,,,Athiémé,,"https://www.wikidata.org/wiki/Q60178570 Q60178570",,,Benin,,,6.5808,1.6696
3251,https://islam.zmo.de/s/westafrica/item/3251,Location,dcterms:Location,frederick.madore@zmo.de,true,5842,,,,Banfora,,"https://www.wikidata.org/wiki/Q639674 Q639674",,,"Burkina Faso",,,10.63333,-4.76667
3252,https://islam.zmo.de/s/westafrica/item/3252,Location,dcterms:Location,frederick.madore@zmo.de,true,5842,,,,Banikoara,,"https://www.wikidata.org/wiki/Q2200458 Q2200458",,,Benin,,,11.33966,2.45915
3253,https://islam.zmo.de/s/westafrica/item/3253,Location,dcterms:Location,frederick.madore@zmo.de,true,5842,,,,Bassila,,"https://www.wikidata.org/wiki/Q1893077 Q1893077",,,Benin,,,9.00814,1.6654
3254,https://islam.zmo.de/s/westafrica/item/3254,Location,dcterms:Location,frederick.madore@zmo.de,true,5842,,,,Bembèrèkè,,"https://www.wikidata.org/wiki/Q2271297 Q2271297",,,Benin,,,10.22827,2.66335
3255,https://islam.zmo.de/s/westafrica/item/3255,Location,dcterms:Location,frederick.madore@zmo.de,true,5842,,10293,https://islam.zmo.de/files/original/b3ee1b5fcf24609cf2d34ea25cbd9f04752be0b0.png,Benin|Bénin,,"https://www.wikidata.org/wiki/Q962 Q962",,Dahomey,Country,,,9.5,2.25
3256,https://islam.zmo.de/s/westafrica/item/3256,Location,dcterms:Location,frederick.madore@zmo.de,true,5842,,,,Bobo-Dioulasso,,"https://www.wikidata.org/wiki/Q223761 Q223761",,"Bobo Dioulasso","Burkina Faso",,,11.17715,-4.2979
3257,https://islam.zmo.de/s/westafrica/item/3257,Location,dcterms:Location,frederick.madore@zmo.de,true,5842,,,,Bogandé,,"https://www.wikidata.org/wiki/Q890373 Q890373",,,"Burkina Faso",,,12.9704,-0.14953
3258,https://islam.zmo.de/s/westafrica/item/3258,Location,dcterms:Location,frederick.madore@zmo.de,true,5842,,,,Bohicon,,"https://www.wikidata.org/wiki/Q2356092 Q2356092",,,Benin,,,7.17826,2.0667
3259,https://islam.zmo.de/s/westafrica/item/3259,Location,dcterms:Location,frederick.madore@zmo.de,true,5842,,,,Boromo,,"https://www.wikidata.org/wiki/Q894055 Q894055",,,"Burkina Faso",,,11.75,-2.93333
3260,https://islam.zmo.de/s/westafrica/item/3260,Location,dcterms:Location,frederick.madore@zmo.de,true,5842,,,,Boulsa,,"https://www.wikidata.org/wiki/Q895110 Q895110",,,"Burkina Faso",,,12.65,-0.567
3261,https://islam.zmo.de/s/westafrica/item/3261,Location,dcterms:Location,frederick.madore@zmo.de,true,5842,,,,"Centre culturel arabe libyen",,"https://www.wikidata.org/wiki/Q116492776 Q116492776","Libya|Muammar Gaddafi",,"Burkina Faso",,,,
3262,https://islam.zmo.de/s/westafrica/item/3262,Location,dcterms:Location,frederick.madore@zmo.de,true,5842,,,,"Centre culturel islamique AEEMB",,"https://www.wikidata.org/wiki/Q116491686 Q116491686","Association des Élèves et Étudiants Musulmans au Burkina|Ibrahima Ouédraogo|Mosquée AEEMB (Université de Ouagadougou)",,"Burkina Faso|Mosque",,,,
3263,https://islam.zmo.de/s/westafrica/item/3263,Location,dcterms:Location,frederick.madore@zmo.de,true,5842,,,,"Centre médical islamique de la Patte d'Oie",,,,,"Burkina Faso|Medical center",,,,
3264,https://islam.zmo.de/s/westafrica/item/3264,Location,dcterms:Location,frederick.madore@zmo.de,true,5842,,,,Cocotomey,,"https://www.wikidata.org/wiki/Q109018654 Q109018654",,,Benin,,,6.38957,2.31227
3265,https://islam.zmo.de/s/westafrica/item/3265,Location,dcterms:Location,frederick.madore@zmo.de,true,5842,,,,Comè,,"https://www.wikidata.org/wiki/Q2991511 Q2991511",,,Benin,,,6.40764,1.88198
3266,https://islam.zmo.de/s/westafrica/item/3266,Location,dcterms:Location,frederick.madore@zmo.de,true,5842,,7425,https://islam.zmo.de/files/original/bd371875c2eac53028bbd2a660f3edaa87dcb282.png,"Ivory Coast|Côte d'Ivoire",,"https://www.wikidata.org/wiki/Q1008 Q1008",,,Country,,,8,-5.5
3267,https://islam.zmo.de/s/westafrica/item/3267,Location,dcterms:Location,frederick.madore@zmo.de,true,5842,,,,Cotonou,,"https://www.wikidata.org/wiki/Q43595 Q43595",,,Benin,,,6.36536,2.41833
3268,https://islam.zmo.de/s/westafrica/item/3268,Location,dcterms:Location,frederick.madore@zmo.de,true,5842,,,,Cové,,"https://www.wikidata.org/wiki/Q2464735 Q2464735",,,Benin,,,7.22097,2.34017
3269,https://islam.zmo.de/s/westafrica/item/3269,Location,dcterms:Location,frederick.madore@zmo.de,true,5842,,,,Dablo,,"https://www.wikidata.org/wiki/Q998241 Q998241",,,"Burkina Faso",,,13.71873,-1.18186
3270,https://islam.zmo.de/s/westafrica/item/3270,Location,dcterms:Location,frederick.madore@zmo.de,true,5842,,,,Dassa-Zoumè,,"https://www.wikidata.org/wiki/Q2609335 Q2609335",,Dassa-Zoumé,Benin,,,7.696,2.278
3271,https://islam.zmo.de/s/westafrica/item/3271,Location,dcterms:Location,frederick.madore@zmo.de,true,5842,,,,Dédougou,,"https://www.wikidata.org/wiki/Q934436 Q934436",,,"Burkina Faso",,,12.46338,-3.46075
3272,https://islam.zmo.de/s/westafrica/item/3272,Location,dcterms:Location,frederick.madore@zmo.de,true,5842,,,,Djibo,,"https://www.wikidata.org/wiki/Q1232175 Q1232175",,,"Burkina Faso",,,14.12526,-1.6249
3273,https://islam.zmo.de/s/westafrica/item/3273,Location,dcterms:Location,frederick.madore@zmo.de,true,5842,,,,Djougou,,"https://www.wikidata.org/wiki/Q868198 Q868198",,,Benin,,,9.70853,1.66598
3274,https://islam.zmo.de/s/westafrica/item/3274,Location,dcterms:Location,frederick.madore@zmo.de,true,5842,,,,Dogbo-Tota,,"https://www.wikidata.org/wiki/Q2566827 Q2566827",,,Benin,,,6.79925,1.78413
3275,https://islam.zmo.de/s/westafrica/item/3275,Location,dcterms:Location,frederick.madore@zmo.de,true,5842,,,,Dori,,"https://www.wikidata.org/wiki/Q999493 Q999493",,,"Burkina Faso",,,14.0341,-0.03261
3276,https://islam.zmo.de/s/westafrica/item/3276,Location,dcterms:Location,frederick.madore@zmo.de,true,5842,,10478,https://islam.zmo.de/files/original/8edef001f229f976d29e1a71fc4869bfa24a7fe9.png,Egypt|Égypte,,"https://www.wikidata.org/wiki/Q79 Q79",,"United Arab Republic|République arabe unie",Country,,,27,30
3277,https://islam.zmo.de/s/westafrica/item/3277,Location,dcterms:Location,frederick.madore@zmo.de,true,5842,,10479,https://islam.zmo.de/files/original/7434dff887fe3865388b4eea2b6b65fc8ac027a4.png,"United Arab Emirates|Émirats arabes unis",,"https://www.wikidata.org/wiki/Q878 Q878",,,Country,,,23.75,54.5
3278,https://islam.zmo.de/s/westafrica/item/3278,Location,dcterms:Location,frederick.madore@zmo.de,true,5842,,10480,https://islam.zmo.de/files/original/dff696fcf9ca3a38d4baf3562adf2e3554b61c7c.png,"United States of America|États-Unis",,"https://www.wikidata.org/wiki/Q30 Q30",,USA|É-U,Country,,,39.76,-98.5
3279,https://islam.zmo.de/s/westafrica/item/3279,Location,dcterms:Location,frederick.madore@zmo.de,true,5842,,,,"Fada N'Gourma",,"https://www.wikidata.org/wiki/Q990122 Q990122",,,"Burkina Faso",,,12.06157,0.35843
3280,https://islam.zmo.de/s/westafrica/item/3280,Location,dcterms:Location,frederick.madore@zmo.de,true,5842,,10481,https://islam.zmo.de/files/original/874fe1ec882537780f55a8b0137b1372b7c82d10.png,France,,"https://www.wikidata.org/wiki/Q142 Q142",,,Country,,,46,2
3281,https://islam.zmo.de/s/westafrica/item/3281,Location,dcterms:Location,frederick.madore@zmo.de,true,5842,,,,Gaoua,,"https://www.wikidata.org/wiki/Q1011882 Q1011882",,,"Burkina Faso",,,10.38247,-3.16475
3282,https://islam.zmo.de/s/westafrica/item/3282,Location,dcterms:Location,frederick.madore@zmo.de,true,5842,,10483,https://islam.zmo.de/files/original/da55e8eb683c80dfc24db00c4400737a6217a6fe.png,Ghana,,"https://www.wikidata.org/wiki/Q117 Q117",,,Country,,,8.1,-1.2
3283,https://islam.zmo.de/s/westafrica/item/3283,Location,dcterms:Location,frederick.madore@zmo.de,true,5842,,,,Gorom-Gorom,,"https://www.wikidata.org/wiki/Q741117 Q741117",,,"Burkina Faso",,,14.45417,-0.21895
3284,https://islam.zmo.de/s/westafrica/item/3284,Location,dcterms:Location,frederick.madore@zmo.de,true,5842,,,,Gourcy,,"https://www.wikidata.org/wiki/Q1540219 Q1540219",,,"Burkina Faso",,,13.20776,-2.35893
3285,https://islam.zmo.de/s/westafrica/item/3285,Location,dcterms:Location,frederick.madore@zmo.de,true,5842,,,,"Grand Popo",,"https://www.wikidata.org/wiki/Q1542478 Q1542478",,Grand-Popo,Benin,,,6.28333,1.83333
3286,https://islam.zmo.de/s/westafrica/item/3286,Location,dcterms:Location,frederick.madore@zmo.de,true,5842,,,,"Grande Mosquée de Ouagadougou",,"https://www.wikidata.org/wiki/Q107273736 Q107273736","Communauté Musulmane du Burkina Faso",,"Burkina Faso|Mosque",,,12.36625,-1.52122
3287,https://islam.zmo.de/s/westafrica/item/3287,Location,dcterms:Location,frederick.madore@zmo.de,true,5842,,,,"Grande mosquée de Banfora",,,,,"Burkina Faso|Mosque",,,,
3288,https://islam.zmo.de/s/westafrica/item/3288,Location,dcterms:Location,frederick.madore@zmo.de,true,5842,,,,"Grande mosquée de Bassan",,,,,"Burkina Faso|Mosque",,,,
3289,https://islam.zmo.de/s/westafrica/item/3289,Location,dcterms:Location,frederick.madore@zmo.de,true,5842,,,,"Grande mosquée de Pouytenga",,"https://www.wikidata.org/wiki/Q116491837 Q116491837",,,"Mosque|Burkina Faso",,,,
3290,https://islam.zmo.de/s/westafrica/item/3290,Location,dcterms:Location,frederick.madore@zmo.de,true,5842,,,,"Grande Mosquée Sunnite de Ouagadougou",,"https://www.wikidata.org/wiki/Q116454743 Q116454743","Mahmoud Ouédraogo|Mohammed Kindo|Mouvement Sunnite du Burkina Faso|Sayouba Ouédraogo","Mosquée de Zangouetin","Mosque|Burkina Faso",,,,
3291,https://islam.zmo.de/s/westafrica/item/3291,Location,dcterms:Location,frederick.madore@zmo.de,true,5842,,10484,https://islam.zmo.de/files/original/56216972bb781a21711ac7624946e238a757e4ed.png,Guinea|Guinée,,"https://www.wikidata.org/wiki/Q1006 Q1006",,,Country,,,10.83333,-10.66667
3292,https://islam.zmo.de/s/westafrica/item/3292,Location,dcterms:Location,frederick.madore@zmo.de,true,5842,,,,Hamdalaye,,,,,"Burkina Faso",,,,
3293,https://islam.zmo.de/s/westafrica/item/3293,Location,dcterms:Location,frederick.madore@zmo.de,true,5842,,10486,https://islam.zmo.de/files/original/e3d07c2a2196f1ff4c24dfe0903a1ba9b421f5bd.png,Iraq|Irak,,"https://www.wikidata.org/wiki/Q796 Q796",,,Country,,,33,44
3294,https://islam.zmo.de/s/westafrica/item/3294,Location,dcterms:Location,frederick.madore@zmo.de,true,5842,,10487,https://islam.zmo.de/files/original/8a96464270bf21e8f6633e91b653bf9563891c2b.png,Iran,,"https://www.wikidata.org/wiki/Q794 Q794",,,Country,,,32,53
3295,https://islam.zmo.de/s/westafrica/item/3295,Location,dcterms:Location,frederick.madore@zmo.de,true,5842,,10489,https://islam.zmo.de/files/original/5f0b7cef0869b8dbf943f19e160a0458e3727614.png,Japan|Japon,,"https://www.wikidata.org/wiki/Q17 Q17","Maternité Sakina",,Country,,,35.68536,139.75309
3296,https://islam.zmo.de/s/westafrica/item/3296,Location,dcterms:Location,frederick.madore@zmo.de,true,5842,,,,Kandi,,"https://www.wikidata.org/wiki/Q845666 Q845666",,,Benin,,,11.13417,2.93861
3297,https://islam.zmo.de/s/westafrica/item/3297,Location,dcterms:Location,frederick.madore@zmo.de,true,5842,,,,Karimama,,"https://www.wikidata.org/wiki/Q1860831 Q1860831",,,Benin,,,11.93816,2.75703
3298,https://islam.zmo.de/s/westafrica/item/3298,Location,dcterms:Location,frederick.madore@zmo.de,true,5842,,,,Kassoum,,"https://www.wikidata.org/wiki/Q996939 Q996939",,,"Burkina Faso",,,13.0788,-3.3024
3299,https://islam.zmo.de/s/westafrica/item/3299,Location,dcterms:Location,frederick.madore@zmo.de,true,5842,,,,Kaya,,"https://www.wikidata.org/wiki/Q766464 Q766464",,,"Burkina Faso",,,13.09167,-1.08444
3300,https://islam.zmo.de/s/westafrica/item/3300,Location,dcterms:Location,frederick.madore@zmo.de,true,5842,,,,Kérou,,"https://www.wikidata.org/wiki/Q2269207 Q2269207",,,Benin,,,10.91433,1.99153
3301,https://islam.zmo.de/s/westafrica/item/3301,Location,dcterms:Location,frederick.madore@zmo.de,true,5842,,,,Kétou,,"https://www.wikidata.org/wiki/Q2474638 Q2474638",,,Benin,,,7.45,2.626
3302,https://islam.zmo.de/s/westafrica/item/3302,Location,dcterms:Location,frederick.madore@zmo.de,true,5842,,,,Kombissiri,,"https://www.wikidata.org/wiki/Q1642022 Q1642022",,,"Burkina Faso",,,12.06884,-1.33644
3303,https://islam.zmo.de/s/westafrica/item/3303,Location,dcterms:Location,frederick.madore@zmo.de,true,5842,,,,Kompienga,,"https://www.wikidata.org/wiki/Q1142059 Q1142059",,,"Burkina Faso",,,11.41667,0.91667
3304,https://islam.zmo.de/s/westafrica/item/3304,Location,dcterms:Location,frederick.madore@zmo.de,true,5842,,,,Kongoussi,,"https://www.wikidata.org/wiki/Q163352 Q163352",,,"Burkina Faso",,,13.32583,-1.53472
3305,https://islam.zmo.de/s/westafrica/item/3305,Location,dcterms:Location,frederick.madore@zmo.de,true,5842,,,,Kouandé,,"https://www.wikidata.org/wiki/Q2527479 Q2527479",,,Benin,,,10.42486,1.71466
3306,https://islam.zmo.de/s/westafrica/item/3306,Location,dcterms:Location,frederick.madore@zmo.de,true,5842,,,,Koubri,,"https://www.wikidata.org/wiki/Q585121 Q585121",,,"Burkina Faso",,,12.1675,-1.35556
3307,https://islam.zmo.de/s/westafrica/item/3307,Location,dcterms:Location,frederick.madore@zmo.de,true,5842,,,,Koudougou,,"https://www.wikidata.org/wiki/Q460697 Q460697",,,"Burkina Faso",,,12.25263,-2.36272
3308,https://islam.zmo.de/s/westafrica/item/3308,Location,dcterms:Location,frederick.madore@zmo.de,true,5842,,,,Koupéla,,"https://www.wikidata.org/wiki/Q116524 Q116524",,,"Burkina Faso",,,12.17864,-0.35103
3309,https://islam.zmo.de/s/westafrica/item/3309,Location,dcterms:Location,frederick.madore@zmo.de,true,5842,,10490,https://islam.zmo.de/files/original/b422a0f3262badff535c4ca4fdf824d92a4b20d9.png,Kuwait|Koweït,,"https://www.wikidata.org/wiki/Q817 Q817",,Koweit,Country,,,29.5,47.75
3310,https://islam.zmo.de/s/westafrica/item/3310,Location,dcterms:Location,frederick.madore@zmo.de,true,5842,,,,Léo,,"https://www.wikidata.org/wiki/Q650951 Q650951",,,"Burkina Faso",,,11.10033,-2.10654
3311,https://islam.zmo.de/s/westafrica/item/3311,Location,dcterms:Location,frederick.madore@zmo.de,true,5842,,10491,https://islam.zmo.de/files/original/313378acd7f2bc5d90d1aa05d6d1f3d9a2a32e32.png,Lebanon|Liban,,"https://www.wikidata.org/wiki/Q822 Q822",,,Country,,,33.83333,35.83333
3312,https://islam.zmo.de/s/westafrica/item/3312,Location,dcterms:Location,frederick.madore@zmo.de,true,5842,,10492,https://islam.zmo.de/files/original/c8421ceb48cff187d5d15825ba03c7cb17c3b4fd.png,Libya|Libye,,"https://www.wikidata.org/wiki/Q1016 Q1016","Institut de la Langue Arabe et de la Culture Islamique",,Country,,,28,17
3313,https://islam.zmo.de/s/westafrica/item/3313,Location,dcterms:Location,frederick.madore@zmo.de,true,5842,,,,Lokossa,,"https://www.wikidata.org/wiki/Q219058 Q219058",,,Benin,,,6.63869,1.71674
3314,https://islam.zmo.de/s/westafrica/item/3314,Location,dcterms:Location,frederick.madore@zmo.de,true,5842,,,,Malanville,,"https://www.wikidata.org/wiki/Q2337446 Q2337446",,,Benin,,,11.86819,3.38327
3315,https://islam.zmo.de/s/westafrica/item/3315,Location,dcterms:Location,frederick.madore@zmo.de,true,5842,,10493,https://islam.zmo.de/files/original/31e9cb06365136256b3f76176d4036795c23ffce.png,Mali,,"https://www.wikidata.org/wiki/Q912 Q912",,,Country,,,18,-2
3316,https://islam.zmo.de/s/westafrica/item/3316,Location,dcterms:Location,frederick.madore@zmo.de,true,5842,,,,Manga,,"https://www.wikidata.org/wiki/Q999498 Q999498",,,"Burkina Faso",,,11.66361,-1.07306
3317,https://islam.zmo.de/s/westafrica/item/3317,Location,dcterms:Location,frederick.madore@zmo.de,true,5842,,10494,https://islam.zmo.de/files/original/4c83143791ce480780d333a5c9638b2b29d82b1d.png,Morocco|Maroc,,"https://www.wikidata.org/wiki/Q1028 Q1028",,,Country,,,28.5,-10
3318,https://islam.zmo.de/s/westafrica/item/3318,Location,dcterms:Location,frederick.madore@zmo.de,true,5842,,10495,https://islam.zmo.de/files/original/f7f40cb415af488fcaf249c6c328b672b1b85d9d.png,Mauritania|Mauritanie,,"https://www.wikidata.org/wiki/Q1025 Q1025",,,Country,,,20.25,-10.5
3319,https://islam.zmo.de/s/westafrica/item/3319,Location,dcterms:Location,frederick.madore@zmo.de,true,5842,,,,"Mosquée de Dioulassoba",,"https://www.wikidata.org/wiki/Q105708736 Q105708736",,"Grande mosquée de Bobo-Dioulasso","Mosque|Burkina Faso",,,,
3320,https://islam.zmo.de/s/westafrica/item/3320,Location,dcterms:Location,frederick.madore@zmo.de,true,5842,,,,"Mosquée du camp militaire Général Sangoulé Lamizana",,,,,"Mosque|Burkina Faso",,,,
3321,https://islam.zmo.de/s/westafrica/item/3321,Location,dcterms:Location,frederick.madore@zmo.de,true,5842,,,,"Mosquée Hamdalaye",,"https://www.wikidata.org/wiki/Q116491931 Q116491931",,,"Mosque|Burkina Faso",,,,
3322,https://islam.zmo.de/s/westafrica/item/3322,Location,dcterms:Location,frederick.madore@zmo.de,true,5842,,,,Namissiguima,,"https://www.wikidata.org/wiki/Q1964339 Q1964339",,,"Burkina Faso",,,13.59468,-2.21892
3323,https://islam.zmo.de/s/westafrica/item/3323,Location,dcterms:Location,frederick.madore@zmo.de,true,5842,,,,Nassoumbou,,"https://www.wikidata.org/wiki/Q1489963 Q1489963",,,"Burkina Faso",,,14.4089,-1.5507
3324,https://islam.zmo.de/s/westafrica/item/3324,Location,dcterms:Location,frederick.madore@zmo.de,true,5842,,,,Natitingou,,"https://www.wikidata.org/wiki/Q994125 Q994125",,,Benin,,,10.30416,1.37962
3325,https://islam.zmo.de/s/westafrica/item/3325,Location,dcterms:Location,frederick.madore@zmo.de,true,5842,,,,N'Dali,,"https://www.wikidata.org/wiki/Q1115202 Q1115202",,,Benin,,,9.73027,2.45032
3326,https://islam.zmo.de/s/westafrica/item/3326,Location,dcterms:Location,frederick.madore@zmo.de,true,5842,,10377,https://islam.zmo.de/files/original/8b8efe9d6c93c0a36193cee05b5347570661f71b.png,Niger,,"https://www.wikidata.org/wiki/Q1032 Q1032",,,Country,,,18,9
3327,https://islam.zmo.de/s/westafrica/item/3327,Location,dcterms:Location,frederick.madore@zmo.de,true,5842,,10402,https://islam.zmo.de/files/original/612f5190f8ec756bacad90829090431dc2cda7f4.png,Nigeria|Nigéria,,"https://www.wikidata.org/wiki/Q1033 Q1033",,,Country,,,10,8
3328,https://islam.zmo.de/s/westafrica/item/3328,Location,dcterms:Location,frederick.madore@zmo.de,true,5842,,,,Nikki,,"https://www.wikidata.org/wiki/Q2378608 Q2378608",,,Benin,,,9.94009,3.21075
3329,https://islam.zmo.de/s/westafrica/item/3329,Location,dcterms:Location,frederick.madore@zmo.de,true,5842,,,,Nouna,,"https://www.wikidata.org/wiki/Q3344855 Q3344855",,,"Burkina Faso",,,12.74367,-3.86322
3330,https://islam.zmo.de/s/westafrica/item/3330,Location,dcterms:Location,frederick.madore@zmo.de,true,5842,,,,Orodara,,"https://www.wikidata.org/wiki/Q143892 Q143892",,,"Burkina Faso",,,10.98568,-4.92612
3331,https://islam.zmo.de/s/westafrica/item/3331,Location,dcterms:Location,frederick.madore@zmo.de,true,5842,,,,"Ouaga 2000","Suburb of Ouagadougou|Quartier résidentiel de Ouagadougou","https://www.wikidata.org/wiki/Q1273933 Q1273933",,,"Burkina Faso",,,12.31538,-1.50888
3332,https://islam.zmo.de/s/westafrica/item/3332,Location,dcterms:Location,frederick.madore@zmo.de,true,5842,,,,Ouagadougou,"Capital of Burkina Faso|Capitale du Burkina Faso","https://www.wikidata.org/wiki/Q3777 Q3777",,,"Burkina Faso",,,12.36566,-1.53388
3333,https://islam.zmo.de/s/westafrica/item/3333,Location,dcterms:Location,frederick.madore@zmo.de,true,5842,,,,Ouahigouya,,"https://www.wikidata.org/wiki/Q569904 Q569904",,,"Burkina Faso",,,13.58278,-2.42158
3334,https://islam.zmo.de/s/westafrica/item/3334,Location,dcterms:Location,frederick.madore@zmo.de,true,5842,,,,Ouidah,,"https://www.wikidata.org/wiki/Q850031 Q850031",,,Benin,,,6.36307,2.08506
3335,https://islam.zmo.de/s/westafrica/item/3335,Location,dcterms:Location,frederick.madore@zmo.de,true,5842,,,,Parakou,,"https://www.wikidata.org/wiki/Q688324 Q688324",,,Benin,,,9.33716,2.63031
3336,https://islam.zmo.de/s/westafrica/item/3336,Location,dcterms:Location,frederick.madore@zmo.de,true,5842,,,,"Parc national de la Pendjari",,"https://www.wikidata.org/wiki/Q1474363 Q1474363",,,"Benin|National park",,,11.2482,1.59839
3337,https://islam.zmo.de/s/westafrica/item/3337,Location,dcterms:Location,frederick.madore@zmo.de,true,5842,,,,"W National Park|Parc national du W",,"https://www.wikidata.org/wiki/Q726863 Q726863",,,"Benin|Burkina Faso|Niger|National park",,,12.07596,2.5235
3338,https://islam.zmo.de/s/westafrica/item/3338,Location,dcterms:Location,frederick.madore@zmo.de,true,5842,,,,"Place de la Révolution",,"https://www.wikidata.org/wiki/Q116492153 Q116492153",,"Place de la Nation","Burkina Faso",,,,
3339,https://islam.zmo.de/s/westafrica/item/3339,Location,dcterms:Location,frederick.madore@zmo.de,true,5842,,,,Pô,,"https://www.wikidata.org/wiki/Q1756613 Q1756613",,,"Burkina Faso",,,11.16972,-1.145
3340,https://islam.zmo.de/s/westafrica/item/3340,Location,dcterms:Location,frederick.madore@zmo.de,true,5842,,,,Pobé,,"https://www.wikidata.org/wiki/Q269353 Q269353",,Pobè,Benin,,,6.98008,2.6649
3341,https://islam.zmo.de/s/westafrica/item/3341,Location,dcterms:Location,frederick.madore@zmo.de,true,5842,,,,Porto-Novo,,"https://www.wikidata.org/wiki/Q3799 Q3799",,,Benin,,,6.49646,2.60359
3342,https://islam.zmo.de/s/westafrica/item/3342,Location,dcterms:Location,frederick.madore@zmo.de,true,5842,,,,Pouytenga,,"https://www.wikidata.org/wiki/Q3400815 Q3400815",,,"Burkina Faso",,,12.25162,-0.42565
3343,https://islam.zmo.de/s/westafrica/item/3343,Location,dcterms:Location,frederick.madore@zmo.de,true,5842,,10498,https://islam.zmo.de/files/original/3492ea9e781e49478e4ad46e9dd1b1cb1448cfcc.png,Qatar,,"https://www.wikidata.org/wiki/Q846 Q846",,,Country,,,25.5,51.25
3344,https://islam.zmo.de/s/westafrica/item/3344,Location,dcterms:Location,frederick.madore@zmo.de,true,5842,,,,Ramatoulaye,,"https://www.wikidata.org/wiki/Q97368928 Q97368928",,,"Burkina Faso",,,,
3345,https://islam.zmo.de/s/westafrica/item/3345,Location,dcterms:Location,frederick.madore@zmo.de,true,5842,,,,Sakété,,"https://www.wikidata.org/wiki/Q959156 Q959156",,,Benin,,,6.73618,2.65866
3346,https://islam.zmo.de/s/westafrica/item/3346,Location,dcterms:Location,frederick.madore@zmo.de,true,5842,,,,Salmossi,,"https://www.wikidata.org/wiki/Q16675372 Q16675372",,,"Burkina Faso",,,14.56148,-0.07253
3347,https://islam.zmo.de/s/westafrica/item/3347,Location,dcterms:Location,frederick.madore@zmo.de,true,5842,,,,Sanmatenga,,"https://www.wikidata.org/wiki/Q1142039 Q1142039",,,"Burkina Faso",,,13.25,-1.08333
3348,https://islam.zmo.de/s/westafrica/item/3348,Location,dcterms:Location,frederick.madore@zmo.de,true,5842,,,,Sapouy,,"https://www.wikidata.org/wiki/Q2183729 Q2183729",,,"Burkina Faso",,,11.55444,-1.77361
3349,https://islam.zmo.de/s/westafrica/item/3349,Location,dcterms:Location,frederick.madore@zmo.de,true,5842,,,,Savalou,,"https://www.wikidata.org/wiki/Q544623 Q544623",,,Benin,,,7.92807,1.97558
3350,https://islam.zmo.de/s/westafrica/item/3350,Location,dcterms:Location,frederick.madore@zmo.de,true,5842,,,,Savé,,"https://www.wikidata.org/wiki/Q2609291 Q2609291",,Savè,Benin,,,8.03424,2.4866
3351,https://islam.zmo.de/s/westafrica/item/3351,Location,dcterms:Location,frederick.madore@zmo.de,true,5842,,,,Segbana,,"https://www.wikidata.org/wiki/Q2202003 Q2202003",,Ségbana,Benin,,,10.92821,3.69429
3352,https://islam.zmo.de/s/westafrica/item/3352,Location,dcterms:Location,frederick.madore@zmo.de,true,5842,,10500,https://islam.zmo.de/files/original/a170888191b675fdcdf40090005f900d35088d7d.png,Senegal|Sénégal,,"https://www.wikidata.org/wiki/Q1041 Q1041",,,Country,,,14.5,-14.25
3353,https://islam.zmo.de/s/westafrica/item/3353,Location,dcterms:Location,frederick.madore@zmo.de,true,5842,,,,Solenzo,,"https://www.wikidata.org/wiki/Q2102129 Q2102129",,,"Burkina Faso",,,12.17423,-4.08477
3354,https://islam.zmo.de/s/westafrica/item/3354,Location,dcterms:Location,frederick.madore@zmo.de,true,5842,,,,Soum,,"https://www.wikidata.org/wiki/Q385973 Q385973",,,"Burkina Faso",,,,
3355,https://islam.zmo.de/s/westafrica/item/3355,Location,dcterms:Location,frederick.madore@zmo.de,true,5842,,10504,https://islam.zmo.de/files/original/e69b3340930f1a75da91eb6d455741018ec9e76b.png,Syria|Syrie,,"https://www.wikidata.org/wiki/Q858 Q858",,,Country,,,35,38
3356,https://islam.zmo.de/s/westafrica/item/3356,Location,dcterms:Location,frederick.madore@zmo.de,true,5842,,,,Tanguiéta,,"https://www.wikidata.org/wiki/Q2269248 Q2269248",,,Benin,,,10.62118,1.26651
3357,https://islam.zmo.de/s/westafrica/item/3357,Location,dcterms:Location,frederick.madore@zmo.de,true,5842,,,,Tchaourou,,"https://www.wikidata.org/wiki/Q1364580 Q1364580",,,Benin,,,9.0349,2.5169
3358,https://islam.zmo.de/s/westafrica/item/3358,Location,dcterms:Location,frederick.madore@zmo.de,true,5842,,,,Tenkodogo,,"https://www.wikidata.org/wiki/Q621925 Q621925",,,"Burkina Faso",,,11.78,-0.36972
3359,https://islam.zmo.de/s/westafrica/item/3359,Location,dcterms:Location,frederick.madore@zmo.de,true,5842,,10292,https://islam.zmo.de/files/original/406fcd96c9017ead26aeb49481bf25c2aa7b49a2.png,Togo,,"https://www.wikidata.org/wiki/Q945 Q945",,,Country,,,8.66667,1.08333
3360,https://islam.zmo.de/s/westafrica/item/3360,Location,dcterms:Location,frederick.madore@zmo.de,true,5842,,,,Tougan,,"https://www.wikidata.org/wiki/Q558346 Q558346",,,"Burkina Faso",,,13.05913,-3.07527
3361,https://islam.zmo.de/s/westafrica/item/3361,Location,dcterms:Location,frederick.madore@zmo.de,true,5842,,,,Tripoli,,"https://www.wikidata.org/wiki/Q3579 Q3579",,,Libya,,,32.88743,13.18733
3362,https://islam.zmo.de/s/westafrica/item/3362,Location,dcterms:Location,frederick.madore@zmo.de,true,5842,,10507,https://islam.zmo.de/files/original/0a989a5e4079cbe5272c3db6f0130792c1088d66.png,Turkey|Turquie,,"https://www.wikidata.org/wiki/Q43 Q43",,,Country,,,39,35
3363,https://islam.zmo.de/s/westafrica/item/3363,Location,dcterms:Location,frederick.madore@zmo.de,true,5842,,,,Yako,,"https://www.wikidata.org/wiki/Q940973 Q940973",,,"Burkina Faso",,,12.9591,-2.26075
3364,https://islam.zmo.de/s/westafrica/item/3364,Location,dcterms:Location,frederick.madore@zmo.de,true,5842,,,,Ziniaré,,"https://www.wikidata.org/wiki/Q15647343 Q15647343",,,"Burkina Faso",,,12.58186,-1.2971
3365,https://islam.zmo.de/s/westafrica/item/3365,Location,dcterms:Location,frederick.madore@zmo.de,true,5842,,,,Zogbodomey,,"https://www.wikidata.org/wiki/Q2050232 Q2050232",,,Benin,,,7.018,2.183
3366,https://islam.zmo.de/s/westafrica/item/3366,Location,dcterms:Location,frederick.madore@zmo.de,true,5842,,10475,https://islam.zmo.de/files/original/666ef0d6af024971a4f56e03b53a7f77183f3188.png,"Burkina Faso","Sovereign state in West Africa|Pays d'Afrique de l'Ouest","https://www.wikidata.org/wiki/Q965 Q965",,"Upper Volta|Haute-Volta",Country,,,12.5,-1.66667
3367,https://islam.zmo.de/s/westafrica/item/3367,Location,dcterms:Location,frederick.madore@zmo.de,true,5842,,10476,https://islam.zmo.de/files/original/52cb847ca51c672137e10c8c570e19e7389b6569.png,Cameroon|Cameroun,,"https://www.wikidata.org/wiki/Q1009 Q1009",,,Country,,,6,12.5
3369,https://islam.zmo.de/s/westafrica/item/3369,Location,dcterms:Location,frederick.madore@zmo.de,true,5842,,10482,https://islam.zmo.de/files/original/e192f05775cfeb9c6528c28d8a2faddcc4be8af9.png,Gabon,,"https://www.wikidata.org/wiki/Q1000 Q1000",,,Country,,,-1,11.75
3370,https://islam.zmo.de/s/westafrica/item/3370,Location,dcterms:Location,frederick.madore@zmo.de,true,5842,,10485,https://islam.zmo.de/files/original/f66eb4bfe75d75f1d9434257d9de905e95679427.png,India|Inde,,"https://www.wikidata.org/wiki/Q668 Q668",,,Country,,,22,79
3371,https://islam.zmo.de/s/westafrica/item/3371,Location,dcterms:Location,frederick.madore@zmo.de,true,5842,,10496,https://islam.zmo.de/files/original/6ca177840912a833ccdf4e34a57c4d24a48e67be.png,Pakistan,,"https://www.wikidata.org/wiki/Q843 Q843",,,Country,,,30,70
3372,https://islam.zmo.de/s/westafrica/item/3372,Location,dcterms:Location,frederick.madore@zmo.de,true,5842,,10497,https://islam.zmo.de/files/original/bbd136ee1608501e82cb3a19fe7a6f92bce1870a.png,Palestine,,"https://www.wikidata.org/wiki/Q219060 Q219060",,,Country,,,31.92157,35.20329
3373,https://islam.zmo.de/s/westafrica/item/3373,Location,dcterms:Location,frederick.madore@zmo.de,true,5842,,10488,https://islam.zmo.de/files/original/5925e9172a8891b52eed9a00aabc25023595d319.png,Israel|Israël,,"https://www.wikidata.org/wiki/Q801 Q801",,,Country,,,31.5,34.75
3374,https://islam.zmo.de/s/westafrica/item/3374,Location,dcterms:Location,frederick.madore@zmo.de,true,5842,,10501,https://islam.zmo.de/files/original/59a1eef2cb58966f2860cd69faf23f4730c1044d.png,Somalia|Somalie,,"https://www.wikidata.org/wiki/Q1045 Q1045",,,Country,,,6,48
3375,https://islam.zmo.de/s/westafrica/item/3375,Location,dcterms:Location,frederick.madore@zmo.de,true,5842,,10505,https://islam.zmo.de/files/original/87792f2bb0a6d31e5e97805950b84fcbde5a45b8.png,Chad|Tchad,,"https://www.wikidata.org/wiki/Q657 Q657",,,Country,,,15,19
3376,https://islam.zmo.de/s/westafrica/item/3376,Location,dcterms:Location,frederick.madore@zmo.de,true,5842,,,,Ganvié,,"https://www.wikidata.org/wiki/Q1493703 Q1493703",,,Benin,,,6.46441,2.39288
3377,https://islam.zmo.de/s/westafrica/item/3377,Location,dcterms:Location,frederick.madore@zmo.de,true,5842,,,,Godomey,,"https://www.wikidata.org/wiki/Q2757920 Q2757920",,,Benin,,,6.38948,2.34581
3378,https://islam.zmo.de/s/westafrica/item/3378,Location,dcterms:Location,frederick.madore@zmo.de,true,5842,,10506,https://islam.zmo.de/files/original/7020ab92945bf53cb0f57536ee5c4c02e8bdb090.png,Tunisia|Tunisie,,"https://www.wikidata.org/wiki/Q948 Q948",,,Country,,,34,9
3379,https://islam.zmo.de/s/westafrica/item/3379,Location,dcterms:Location,frederick.madore@zmo.de,true,5842,,10502,https://islam.zmo.de/files/original/f01d686868f61653a4869e17a28008f97ce9c622.png,Sudan|Soudan,,"https://www.wikidata.org/wiki/Q1049 Q1049",,,Country,,,16,30
3380,https://islam.zmo.de/s/westafrica/item/3380,Location,dcterms:Location,frederick.madore@zmo.de,true,5842,,7426,https://islam.zmo.de/files/original/a966f87ffc9fea19294bcca657fe2a7de9a08c38.png,"Library of Congress",,"https://www.wikidata.org/wiki/Q131454 Q131454",,,"United States of America",,,38.88845,-77.00442
3381,https://islam.zmo.de/s/westafrica/item/3381,Location,dcterms:Location,frederick.madore@zmo.de,true,5842,,7427,https://islam.zmo.de/files/original/76df732ca5961217f7a69a24de60461ffc673940.png,"Institut de Recherche pour le Développement",,"https://www.wikidata.org/wiki/Q30261855 Q30261855",,IRD,"Burkina Faso",,,12.36993,-1.51299
3383,https://islam.zmo.de/s/westafrica/item/3383,Location,dcterms:Location,frederick.madore@zmo.de,true,5842,,,,Bassan,,"https://www.wikidata.org/wiki/Q16531551 Q16531551",,,"Burkina Faso",,,13.0837,-3.1726
3508,https://islam.zmo.de/s/westafrica/item/3508,Location,dcterms:Location,frederick.madore@zmo.de,true,5842,,,,Barsalogho,,"https://www.wikidata.org/wiki/Q809135 Q809135",,,"Burkina Faso",,,13.41389,-1.05583
3509,https://islam.zmo.de/s/westafrica/item/3509,Location,dcterms:Location,frederick.madore@zmo.de,true,5842,,10499,https://islam.zmo.de/files/original/33d666227a0b5d3dd47af9b633cb193e22e5a513.png,"United Kingdom|Royaume-Uni",,"https://www.wikidata.org/wiki/Q145 Q145",,,Country,,,54.75844,-2.69531
3533,https://islam.zmo.de/s/westafrica/item/3533,Location,dcterms:Location,frederick.madore@zmo.de,true,5842,,10477,https://islam.zmo.de/files/original/a6c136e12289367ecb7dd4f0becc40566943208b.png,Denmark|Danemark,,"https://www.wikidata.org/wiki/Q35 Q35",,,Country,,,56,10
3614,https://islam.zmo.de/s/westafrica/item/3614,Location,dcterms:Location,frederick.madore@zmo.de,true,5842,,10503,https://islam.zmo.de/files/original/b7d47e61c10308e5f7a72184dae886dc0b0ce481.png,Switzerland|Suisse,,"https://www.wikidata.org/wiki/Q39 Q39",,,Country,,,47.00016,8.01427
3615,https://islam.zmo.de/s/westafrica/item/3615,Location,dcterms:Location,frederick.madore@zmo.de,true,5842,,7454,https://islam.zmo.de/files/original/6499c8aff2c997bc9d2100f27c0167945dc0e96c.png,Canada,,"https://www.wikidata.org/wiki/Q16 Q16",,,Country,,,60.10867,-113.64258
3935,https://islam.zmo.de/s/westafrica/item/3935,Location,dcterms:Location,frederick.madore@zmo.de,true,5842,,7455,https://islam.zmo.de/files/original/9e7eed3d11e593ef565b49a91caadde2300e4906.png,"Democratic Republic of the Congo|République démocratique du Congo",,"https://www.wikidata.org/wiki/Q974 Q974",,"Democratic Republic of the Congo|DRC|Congo-Kinshasa|RD Congo|RDC",Country,,,,
4022,https://islam.zmo.de/s/westafrica/item/4022,Location,dcterms:Location,frederick.madore@zmo.de,true,5842,,,,"Institut Musulman d'Enseignement et d'Éducation",,,"Cercle d'Études, de Recherches et de Formation Islamiques",IM2E,"Burkina Faso|Madrasa",,,,
4025,https://islam.zmo.de/s/westafrica/item/4025,Location,dcterms:Location,frederick.madore@zmo.de,true,5842,,,,"Institut Aorèma",,,"Adama Aorèma Ouédraogo|Institut Aorèma",,"Burkina Faso|Madrasa",,,,
4027,https://islam.zmo.de/s/westafrica/item/4027,Location,dcterms:Location,frederick.madore@zmo.de,true,5842,,,,"Institut islamique El Nour",,,,,"Burkina Faso|Madrasa",,,,
4028,https://islam.zmo.de/s/westafrica/item/4028,Location,dcterms:Location,frederick.madore@zmo.de,true,5842,,,,"Mosquée AEEMB (Université de Ouagadougou)",,,"Association des Élèves et Étudiants Musulmans au Burkina|Centre culturel islamique AEEMB|University of Ouagadougou",,"Burkina Faso|Mosque",,,,
4031,https://islam.zmo.de/s/westafrica/item/4031,Location,dcterms:Location,frederick.madore@zmo.de,true,5842,,,,"Institut Al Ilmi",,,,,"Burkina Faso|Madrasa",,,,
4034,https://islam.zmo.de/s/westafrica/item/4034,Location,dcterms:Location,frederick.madore@zmo.de,true,5842,,,,"Maternité Sakina",,,"Association des Élèves et Étudiants Musulmans au Burkina|Japan",,"Burkina Faso|Medical center",,,,
4035,https://islam.zmo.de/s/westafrica/item/4035,Location,dcterms:Location,frederick.madore@zmo.de,true,5842,,,,"Médersa centrale de Ouagadougou",,,,,"Burkina Faso|Madrasa",,,,
4040,https://islam.zmo.de/s/westafrica/item/4040,Location,dcterms:Location,frederick.madore@zmo.de,true,5842,,,,"Université Al Houda","Islamic University|Université islamique",,,,"Burkina Faso|University",,,,
4042,https://islam.zmo.de/s/westafrica/item/4042,Location,dcterms:Location,frederick.madore@zmo.de,true,5842,,7462,https://islam.zmo.de/files/original/31f77bab146b98fc69fb43dc74181a0c9c71d221.png,Belgium|Belgique,,"https://www.wikidata.org/wiki/Q31 Q31",,,Country,,,50.75,4.5
4146,https://islam.zmo.de/s/westafrica/item/4146,Location,dcterms:Location,frederick.madore@zmo.de,true,5842,,,,Grand-Bassam,,"https://www.wikidata.org/wiki/Q582922 Q582922",,,"Ivory Coast",,,5.2118,-3.73884
4148,https://islam.zmo.de/s/westafrica/item/4148,Location,dcterms:Location,frederick.madore@zmo.de,true,5842,,,,Jeddah|Djeddah,,"https://www.wikidata.org/wiki/Q374365 Q374365",,,"Saudi Arabia",,,21.49012,39.18624
4151,https://islam.zmo.de/s/westafrica/item/4151,Location,dcterms:Location,frederick.madore@zmo.de,true,5842,,,,Medina|Médine,"Saudi Arabian city|Ville d'Arabie saoudite","https://www.wikidata.org/wiki/Q35484 Q35484",,Madinah,"Saudi Arabia",,,24.46861,39.61417
4153,https://islam.zmo.de/s/westafrica/item/4153,Location,dcterms:Location,frederick.madore@zmo.de,true,5842,,7471,https://islam.zmo.de/files/original/68bae10f7f419da07d027d374d1909bc42447ece.jpg,"University of Ouagadougou|Université de Ouagadougou",,"https://www.wikidata.org/wiki/Q1076606 Q1076606","Ismaël Tiendrébéogo|Nouhoun Bagayoko|Tiégo Tiemtoré","Université Joseph Ki-Zerbo","Burkina Faso|University",,,12.37735,-1.5009
4360,https://islam.zmo.de/s/westafrica/item/4360,Location,dcterms:Location,frederick.madore@zmo.de,true,5842,,7464,https://islam.zmo.de/files/original/04d0c8f09ed502a0b881d1387208846e50e2d87a.png,"University of Abomey-Calavi|Université d'Abomey-Calavi","University in Benin|Université du Bénin","https://www.wikidata.org/wiki/Q6979225 Q6979225","Communauté Islamique Universitaire du Bénin|Institut de la Langue Arabe et de la Culture Islamique|Laboratoire d'Analyse et de Recherche, Religions, Espaces et Développement|Maxime da Cruz","UAC|Université Nationale du Bénin|Université du Dahomey|UNB",Benin|University,,,6.44105,2.35238
4363,https://islam.zmo.de/s/westafrica/item/4363,Location,dcterms:Location,frederick.madore@zmo.de,true,5842,,,,"Institut de la Langue Arabe et de la Culture Islamique",,"https://www.wikidata.org/wiki/Q109315122 Q109315122","Libya|Muammar Gaddafi",ILACI,"Benin|University of Abomey-Calavi|University",,,6.42047,2.34345
4367,https://islam.zmo.de/s/westafrica/item/4367,Location,dcterms:Location,frederick.madore@zmo.de,true,5842,,7465,https://islam.zmo.de/files/original/006766c5c3f63295ddd60977b0dffd0972e69996.png,Jordan|Jordanie,,"https://www.wikidata.org/wiki/Q810 Q810",,,Country,,,31,36
4370,https://islam.zmo.de/s/westafrica/item/4370,Location,dcterms:Location,frederick.madore@zmo.de,true,5842,,,,"Mosquée Oumar Ibn Khattab",,"https://www.wikidata.org/wiki/Q114714711 Q114714711","Association Culturelle des Étudiants et Élèves Musulmans du Bénin",,Benin|Mosque,,,6.414748141664798,2.3372766573628994
4406,https://islam.zmo.de/s/westafrica/item/4406,Location,dcterms:Location,frederick.madore@zmo.de,true,5842,,,,Paris,,"https://www.wikidata.org/wiki/Q90 Q90",,,France,,,48.85341,2.3488
4407,https://islam.zmo.de/s/westafrica/item/4407,Location,dcterms:Location,frederick.madore@zmo.de,true,5842,,,,Lomé,,"https://www.wikidata.org/wiki/Q3792 Q3792",,,Togo,,,6.12874,1.22154
4413,https://islam.zmo.de/s/westafrica/item/4413,Location,dcterms:Location,frederick.madore@zmo.de,true,5842,,7469,https://islam.zmo.de/files/original/ba6fad8ad265e90bff0eede942107cbf1160f840.jpg,"Berlin State Library|Bibliothèque d'État de Berlin|Staatsbibliothek zu Berlin",,"https://www.wikidata.org/wiki/Q170109 Q170109",,,Germany,,,52.5064,13.3703
4414,https://islam.zmo.de/s/westafrica/item/4414,Location,dcterms:Location,frederick.madore@zmo.de,true,5842,,,,"National Library of Togo|Bibliothèque nationale du Togo",,"https://www.wikidata.org/wiki/Q618258 Q618258",,,Togo,,,6.129117,1.218427
4418,https://islam.zmo.de/s/westafrica/item/4418,Location,dcterms:Location,frederick.madore@zmo.de,true,5842,,,,"Mosquée centrale de Porto-Novo",,"https://www.wikidata.org/wiki/Q94238736 Q94238736","Houzéifa Amzat","Grande mosquée de Porto-Novo",Benin|Mosque,,,6.470333,2.626611
4431,https://islam.zmo.de/s/westafrica/item/4431,Location,dcterms:Location,frederick.madore@zmo.de,true,5842,,,,"Mosquée centrale de Cotonou Jonquet",,"https://www.wikidata.org/wiki/Q115659103 Q115659103","Gazaliou Tahirou",,Mosque|Cotonou|Benin,,,,
4436,https://islam.zmo.de/s/westafrica/item/4436,Location,dcterms:Location,frederick.madore@zmo.de,true,5842,,,,"Centre islamique de Dantokpa",,"https://www.wikidata.org/wiki/Q115658989 Q115658989",,,Benin|Cotonou,,,,
4437,https://islam.zmo.de/s/westafrica/item/4437,Location,dcterms:Location,frederick.madore@zmo.de,true,5842,,,,"Lycée Béhanzin",,"https://www.wikidata.org/wiki/Q99706497 Q99706497",,,Benin|Porto-Novo,,,,
4438,https://islam.zmo.de/s/westafrica/item/4438,Location,dcterms:Location,frederick.madore@zmo.de,true,5842,,,,"Mosquée centrale de Bohicon",,"https://www.wikidata.org/wiki/Q115658967 Q115658967","Idrissou Aboubakar Lemanou",,Mosque|Benin|Bohicon,,,,
4439,https://islam.zmo.de/s/westafrica/item/4439,Location,dcterms:Location,frederick.madore@zmo.de,true,5842,,,,"Mosquée centrale de Cadjèhoun",,"https://www.wikidata.org/wiki/Q115659078 Q115659078",,,Mosque|Benin|Cotonou,,,,
4440,https://islam.zmo.de/s/westafrica/item/4440,Location,dcterms:Location,frederick.madore@zmo.de,true,5842,,,,"Mosquée centrale de Djougou",,"https://www.wikidata.org/wiki/Q115658951 Q115658951",,,Mosque|Benin|Djougou,,,,
4441,https://islam.zmo.de/s/westafrica/item/4441,Location,dcterms:Location,frederick.madore@zmo.de,true,5842,,,,"Mosquée centrale de Fidjrossè",,"https://www.wikidata.org/wiki/Q115659065 Q115659065",,,Mosque|Benin|Cotonou,,,,
4442,https://islam.zmo.de/s/westafrica/item/4442,Location,dcterms:Location,frederick.madore@zmo.de,true,5842,,,,"Mosquée centrale de Godomey",,"https://www.wikidata.org/wiki/Q115658935 Q115658935",,,Mosque|Benin|Godomey,,,,
4443,https://islam.zmo.de/s/westafrica/item/4443,Location,dcterms:Location,frederick.madore@zmo.de,true,5842,,,,"Mosquée centrale de Lokossa",,"https://www.wikidata.org/wiki/Q115658925 Q115658925",,,Mosque|Benin|Lokossa,,,,
4444,https://islam.zmo.de/s/westafrica/item/4444,Location,dcterms:Location,frederick.madore@zmo.de,true,5842,,,,"Mosquée centrale de Natitingou",,"https://www.wikidata.org/wiki/Q115658907 Q115658907",,,Mosque|Benin|Natitingou,,,,
4445,https://islam.zmo.de/s/westafrica/item/4445,Location,dcterms:Location,frederick.madore@zmo.de,true,5842,,,,"Mosquée centrale de Ouando",,"https://www.wikidata.org/wiki/Q115658856 Q115658856",,,Mosque|Benin|Porto-Novo,,,,
4446,https://islam.zmo.de/s/westafrica/item/4446,Location,dcterms:Location,frederick.madore@zmo.de,true,5842,,,,"Mosquée centrale de Pèrèrè",,"https://www.wikidata.org/wiki/Q115658840 Q115658840",,,Mosque|Benin|Pèrèrè,,,,
4447,https://islam.zmo.de/s/westafrica/item/4447,Location,dcterms:Location,frederick.madore@zmo.de,true,5842,,,,"Mosquée centrale de Toviklin",,"https://www.wikidata.org/wiki/Q115658834 Q115658834",,,Mosque|Benin|Toviklin,,,,
4448,https://islam.zmo.de/s/westafrica/item/4448,Location,dcterms:Location,frederick.madore@zmo.de,true,5842,,,,"Mosquée centrale de Zongo (Cotonou)",,"https://www.wikidata.org/wiki/Q115658827 Q115658827",,,Mosque|Benin|Cotonou,,,,
4449,https://islam.zmo.de/s/westafrica/item/4449,Location,dcterms:Location,frederick.madore@zmo.de,true,5842,,,,"Mosquée centrale Yara Kinnin",,"https://www.wikidata.org/wiki/Q115658787 Q115658787",,"Mosquée Yarakinin",Mosque|Benin|Parakou,,,,
4450,https://islam.zmo.de/s/westafrica/item/4450,Location,dcterms:Location,frederick.madore@zmo.de,true,5842,,,,"Mosquée de Ganvié",,"https://www.wikidata.org/wiki/Q115659206 Q115659206",,,Mosque|Benin|Ganvié,,,,
4451,https://islam.zmo.de/s/westafrica/item/4451,Location,dcterms:Location,frederick.madore@zmo.de,true,5842,,,,Toviklin,,"https://www.wikidata.org/wiki/Q2647400 Q2647400",,,Benin,,,6.88796,1.80739
4452,https://islam.zmo.de/s/westafrica/item/4452,Location,dcterms:Location,frederick.madore@zmo.de,true,5842,,,,Pèrèrè,,"https://www.wikidata.org/wiki/Q2716795 Q2716795",,,Benin,,,9.58703,2.99607
4458,https://islam.zmo.de/s/westafrica/item/4458,Location,dcterms:Location,frederick.madore@zmo.de,true,5842,,7472,https://islam.zmo.de/files/original/1464bd336e2cf5067482e0743e78dbc087e69e7f.png,"Soviet Union|Union des républiques socialistes soviétiques",,"https://www.wikidata.org/wiki/Q15180 Q15180",,USSR|URSS,Country,,,65,90
4651,https://islam.zmo.de/s/westafrica/item/4651,Location,dcterms:Location,frederick.madore@zmo.de,true,5842,,,,"Al-Azhar University|Université al-Azhar",,"https://www.wikidata.org/wiki/Q173959 Q173959","Ismaël Derra|Mahamoudou Bandé",,Egypt|University,,,,
4652,https://islam.zmo.de/s/westafrica/item/4652,Location,dcterms:Location,frederick.madore@zmo.de,true,5842,,11100,https://islam.zmo.de/files/original/b314893532c5424345ed2ca1061a43cc45788a8b.jpg,"Imam Muhammad ibn Saud Islamic University|Université islamique Imam Muhammad ibn Saud",,"https://www.wikidata.org/wiki/Q3716653 Q3716653","Mohammed Sawadogo",,"Saudi Arabia|University",,,,
4653,https://islam.zmo.de/s/westafrica/item/4653,Location,dcterms:Location,frederick.madore@zmo.de,true,5842,,,,"Islamic University of Madinah|Université islamique de Médine",,"https://www.wikidata.org/wiki/Q1141959 Q1141959","Aboubacar Doukouré|Aboubacar Sana|Mahamoudou Bandé|Mohammed Kindo",,"Saudi Arabia|University",,,,
4654,https://islam.zmo.de/s/westafrica/item/4654,Location,dcterms:Location,frederick.madore@zmo.de,true,5842,,,,"Mosque of the Cercle d'Études, de Recherches et de Formation Islamiques|Mosquée du Cercle d'Études, de Recherches et de Formation Islamiques",,"https://www.wikidata.org/wiki/Q116454456 Q116454456","Cercle d'Études, de Recherches et de Formation Islamiques|Ismaël Tiendrébéogo|Nouhoun Bagayoko|Tiégo Tiemtoré",,"Mosque|Burkina Faso",,,,
10679,https://islam.zmo.de/s/westafrica/item/10679,Location,dcterms:Location,frederick.madore@zmo.de,true,5842,,10680,https://islam.zmo.de/files/original/cdb59b41a93dac06deb87915638f88ce4f834426.jpg,"Abdou Moumouni University|Université Abdou Moumouni","University in Niger|Université du Niger","https://www.wikidata.org/wiki/Q308329 Q308329",,UAM,Niger|University,,,13.501361,2.098528
10837,https://islam.zmo.de/s/westafrica/item/10837,Location,dcterms:Location,frederick.madore@zmo.de,true,5842,,10846,https://islam.zmo.de/files/original/c373c758ffae0479e37c7b1c983764cbd95111c8.png,Netherlands|Pays-Bas,,"https://www.wikidata.org/wiki/Q29999 Q29999",,"The Netherlands",Country,,,52.366666666667,4.8833333333333
10838,https://islam.zmo.de/s/westafrica/item/10838,Location,dcterms:Location,frederick.madore@zmo.de,true,5842,,10845,https://islam.zmo.de/files/original/65d86e45dfc17acd3dc9d2543f9ecd6b36b44a59.png,Italy|Italie,,"https://www.wikidata.org/wiki/Q38 Q38",,,Country,,,42.5,12.5
10839,https://islam.zmo.de/s/westafrica/item/10839,Location,dcterms:Location,frederick.madore@zmo.de,true,5842,,10844,https://islam.zmo.de/files/original/346284414ed47de2028561adaa737bf7a856ff76.png,"South Africa|Afrique du Sud",,"https://www.wikidata.org/wiki/Q258 Q258",,,Country,,,-29,24
10840,https://islam.zmo.de/s/westafrica/item/10840,Location,dcterms:Location,frederick.madore@zmo.de,true,5842,,10843,https://islam.zmo.de/files/original/c38be1f5528a24049db73ad024e690e18474c4b8.png,Slovenia|Slovénie,,"https://www.wikidata.org/wiki/Q215 Q215",,,Country,,,46,15
10841,https://islam.zmo.de/s/westafrica/item/10841,Location,dcterms:Location,frederick.madore@zmo.de,true,5842,,10842,https://islam.zmo.de/files/original/a6a5d3da9d974a40d7a0c531678fb3295c16da88.png,Sweden|Suède,,"https://www.wikidata.org/wiki/Q34 Q34",,,Country,,,61,15
10857,https://islam.zmo.de/s/westafrica/item/10857,Location,dcterms:Location,frederick.madore@zmo.de,true,5842,,,,Zaria,"City and local government area in Kaduna, Nigeria|Ville et zone de gouvernement local de Kaduna, Nigeria","https://www.wikidata.org/wiki/Q147975 Q147975",,,Nigeria,,,11.066667,7.7
10909,https://islam.zmo.de/s/westafrica/item/10909,Location,dcterms:Location,frederick.madore@zmo.de,true,5842,,,,Yola,"City of Nigeria|Ville du Nigéria","https://www.wikidata.org/wiki/Q994114 Q994114",,,Nigeria,,,9.2,12.483333
11096,https://islam.zmo.de/s/westafrica/item/11096,Location,dcterms:Location,frederick.madore@zmo.de,true,5842,,11097,https://islam.zmo.de/files/original/2aecb5b171c28f7c9d515e0a6ea8607ebe8cb040.png,"Félix Houphouët Boigny University|Université Félix Houphouët-Boigny",,"https://www.wikidata.org/wiki/Q1583390 Q1583390",,"UFHB|Université de Cocody","Ivory Coast|University",,,5.345556,-3.986111
11098,https://islam.zmo.de/s/westafrica/item/11098,Location,dcterms:Location,frederick.madore@zmo.de,true,5842,,11099,https://islam.zmo.de/files/original/1e200911898b2150c22cf65543f9ce4f56945e36.png,"University of Lomé|Université de Lomé",,"https://www.wikidata.org/wiki/Q3551618 Q3551618",,"UL|Université du Bénin",Togo|University,,,6.173669,1.215866
11206,https://islam.zmo.de/s/westafrica/item/11206,Location,dcterms:Location,frederick.madore@zmo.de,true,5842,,,,Zinvié,,"https://www.wikidata.org/wiki/Q4024500 Q4024500",,,Benin,,,6.61667,2.35
11383,https://islam.zmo.de/s/westafrica/item/11383,Location,dcterms:Location,frederick.madore@zmo.de,true,5842,,,,Lagos,,"https://www.wikidata.org/wiki/Q8673 Q8673",,,Nigeria,,,6.45,3.4
11385,https://islam.zmo.de/s/westafrica/item/11385,Location,dcterms:Location,frederick.madore@zmo.de,true,5842,,,,"Mecca|La Mecque","Saudi Arabian city and capital of the Makkah province|Capitale de la province de La Mecque, Arabie saoudite","https://www.wikidata.org/wiki/Q5806 Q5806",,,"Saudi Arabia",,,21.4225,39.826111
11437,https://islam.zmo.de/s/westafrica/item/11437,Location,dcterms:Location,frederick.madore@zmo.de,true,5842,,,,Niamey,"Capitale du Niger|Capital of Niger","https://www.wikidata.org/wiki/Q3674 Q3674",,,Niger,,,13.515,2.1175
11715,https://islam.zmo.de/s/westafrica/item/11715,Location,dcterms:Location,frederick.madore@zmo.de,true,5842,,11716,https://islam.zmo.de/files/original/f90d4605945da0c5093684a07f28bf407fb38c93.png,"Université Alassane Ouattara",,"https://www.wikidata.org/wiki/Q3551369 Q3551369",,"Université de Bouaké|UAO","Ivory Coast",,,7.68642,-5.06669
12880,https://islam.zmo.de/s/westafrica/item/12880,Location,dcterms:Location,frederick.madore@zmo.de,true,5842,,,,"Mosquée centrale Médine II d'Agori Plateau",,,"Moutawakil Boukari Malik",,Mosque|Abomey-Calavi|Benin,,,6.4327785,2.3442182
13022,https://islam.zmo.de/s/westafrica/item/13022,Location,dcterms:Location,frederick.madore@zmo.de,true,5842,,,,Adjengré,,"https://www.wikidata.org/wiki/Q118125902 Q118125902",,,Togo,,,,
13023,https://islam.zmo.de/s/westafrica/item/13023,Location,dcterms:Location,frederick.madore@zmo.de,true,5842,,,,Amlamé,,"https://www.wikidata.org/wiki/Q2080085 Q2080085",,,Togo,,,7.4605555555556,0.90305555555556
13024,https://islam.zmo.de/s/westafrica/item/13024,Location,dcterms:Location,frederick.madore@zmo.de,true,5842,,,,Aného,,"https://www.wikidata.org/wiki/Q1018574 Q1018574",,,Togo,,,6.2288888888889,1.5930555555556
13025,https://islam.zmo.de/s/westafrica/item/13025,Location,dcterms:Location,frederick.madore@zmo.de,true,5842,,,,Anié,,"https://www.wikidata.org/wiki/Q550978 Q550978",,,Togo,,,7.76111111,1.19166667
13026,https://islam.zmo.de/s/westafrica/item/13026,Location,dcterms:Location,frederick.madore@zmo.de,true,5842,,,,Assoli,,"https://www.wikidata.org/wiki/Q3910155 Q3910155",,,Togo,,,9.35,1.2666666666667
13027,https://islam.zmo.de/s/westafrica/item/13027,Location,dcterms:Location,frederick.madore@zmo.de,true,5842,,,,Atakpamé,,"https://www.wikidata.org/wiki/Q126124 Q126124",,,Togo,,,7.5269444444444,1.1266666666667
13028,https://islam.zmo.de/s/westafrica/item/13028,Location,dcterms:Location,frederick.madore@zmo.de,true,5842,,,,Badou,,"https://www.wikidata.org/wiki/Q2878806 Q2878806",,,Togo,,,7.584327,0.606651
13029,https://islam.zmo.de/s/westafrica/item/13029,Location,dcterms:Location,frederick.madore@zmo.de,true,5842,,,,Bafilo,,"https://www.wikidata.org/wiki/Q618060 Q618060",,,Togo,,,9.35,1.26666667
13030,https://islam.zmo.de/s/westafrica/item/13030,Location,dcterms:Location,frederick.madore@zmo.de,true,5842,,,,Bassar,,"https://www.wikidata.org/wiki/Q810474 Q810474",,,Togo,,,9.25,0.78333333333333
13031,https://islam.zmo.de/s/westafrica/item/13031,Location,dcterms:Location,frederick.madore@zmo.de,true,5842,,,,Biankouri,,"https://www.wikidata.org/wiki/Q2900852 Q2900852",,,Togo,,,11.019444444444,0.054722222222222
13032,https://islam.zmo.de/s/westafrica/item/13032,Location,dcterms:Location,frederick.madore@zmo.de,true,5842,,,,"Sacred Heart Cathedral|Cathédrale du Sacré-Cœur de Lomé",,"https://www.wikidata.org/wiki/Q766138 Q766138",,,Togo,,,6.12486111,1.22627778
13033,https://islam.zmo.de/s/westafrica/item/13033,Location,dcterms:Location,frederick.madore@zmo.de,true,5842,,,,Cinkassé,,"https://www.wikidata.org/wiki/Q3910163 Q3910163",,,Togo,,,11.096876,0.016393
13034,https://islam.zmo.de/s/westafrica/item/13034,Location,dcterms:Location,frederick.madore@zmo.de,true,5842,,,,Dapaong,,"https://www.wikidata.org/wiki/Q970904 Q970904",,,Togo,,,10.866666666667,0.2
13035,https://islam.zmo.de/s/westafrica/item/13035,Location,dcterms:Location,frederick.madore@zmo.de,true,5842,,,,Galangachi,,"https://www.wikidata.org/wiki/Q3094486 Q3094486",,,Togo,,,10.4169843,0.3560076
13036,https://islam.zmo.de/s/westafrica/item/13036,Location,dcterms:Location,frederick.madore@zmo.de,true,5842,,,,Gando,,"https://www.wikidata.org/wiki/Q3095099 Q3095099",,,Togo,,,10.3257,0.749044
13037,https://islam.zmo.de/s/westafrica/item/13037,Location,dcterms:Location,frederick.madore@zmo.de,true,5842,,,,Kandé,,"https://www.wikidata.org/wiki/Q168824 Q168824",,,Togo,,,9.9563888888889,1.0463888888889
13038,https://islam.zmo.de/s/westafrica/item/13038,Location,dcterms:Location,frederick.madore@zmo.de,true,5842,,,,Kara,,"https://www.wikidata.org/wiki/Q860729 Q860729",,,Togo,,,9.5488888888889,1.1905555555556
13039,https://islam.zmo.de/s/westafrica/item/13039,Location,dcterms:Location,frederick.madore@zmo.de,true,5842,,,,Kéran,,"https://www.wikidata.org/wiki/Q3408886 Q3408886",,,Togo,,,10.083333333333,1
13040,https://islam.zmo.de/s/westafrica/item/13040,Location,dcterms:Location,frederick.madore@zmo.de,true,5842,,,,Kétao,,"https://www.wikidata.org/wiki/Q3195592 Q3195592",,,Togo,,,9.6611111111111,1.3113888888889
13041,https://islam.zmo.de/s/westafrica/item/13041,Location,dcterms:Location,frederick.madore@zmo.de,true,5842,,,,Kpagouda,,"https://www.wikidata.org/wiki/Q16650743 Q16650743",,,Togo,,,9.75,1.3166666666666667
13042,https://islam.zmo.de/s/westafrica/item/13042,Location,dcterms:Location,frederick.madore@zmo.de,true,5842,,,,Kpalimé,,"https://www.wikidata.org/wiki/Q995413 Q995413",,Palimé,Togo,,,6.91,0.62805555555556
13043,https://islam.zmo.de/s/westafrica/item/13043,Location,dcterms:Location,frederick.madore@zmo.de,true,5842,,,,Kparatao,,"https://www.wikidata.org/wiki/Q118128878 Q118128878",,,Togo,,,,
13044,https://islam.zmo.de/s/westafrica/item/13044,Location,dcterms:Location,frederick.madore@zmo.de,true,5842,,,,Mango,,"https://www.wikidata.org/wiki/Q1392195 Q1392195",,Sansanné-Mango,Togo,,,10.355555555556,0.47555555555556
13045,https://islam.zmo.de/s/westafrica/item/13045,Location,dcterms:Location,frederick.madore@zmo.de,true,5842,,,,Niamtougou,,"https://www.wikidata.org/wiki/Q201342 Q201342",,,Togo,,,9.7666666666667,1.1
13046,https://islam.zmo.de/s/westafrica/item/13046,Location,dcterms:Location,frederick.madore@zmo.de,true,5842,,,,Notsé,,"https://www.wikidata.org/wiki/Q3173182 Q3173182",,,Togo,,,6.948333333333333,1.1680555555555556
13047,https://islam.zmo.de/s/westafrica/item/13047,Location,dcterms:Location,frederick.madore@zmo.de,true,5842,,,,Pya,,"https://www.wikidata.org/wiki/Q1707727 Q1707727",,,Togo,,,9.65194444,1.13638889
13048,https://islam.zmo.de/s/westafrica/item/13048,Location,dcterms:Location,frederick.madore@zmo.de,true,5842,,,,Sarakawa,,"https://www.wikidata.org/wiki/Q119960328 Q119960328",,,Togo,,,9.6218425,0.9866713
13049,https://islam.zmo.de/s/westafrica/item/13049,Location,dcterms:Location,frederick.madore@zmo.de,true,5842,,,,Sokodé,,"https://www.wikidata.org/wiki/Q845097 Q845097",,,Togo,,,8.9833333333333,1.1333333333333
13050,https://islam.zmo.de/s/westafrica/item/13050,Location,dcterms:Location,frederick.madore@zmo.de,true,5842,,,,Sotouboua,,"https://www.wikidata.org/wiki/Q8841307 Q8841307",,,Togo,,,8.56667,0.983333
13051,https://islam.zmo.de/s/westafrica/item/13051,Location,dcterms:Location,frederick.madore@zmo.de,true,5842,,,,Tabligbo,,"https://www.wikidata.org/wiki/Q2528080 Q2528080",,,Togo,,,6.5833333333333,1.5
13052,https://islam.zmo.de/s/westafrica/item/13052,Location,dcterms:Location,frederick.madore@zmo.de,true,5842,,,,Tchamba,,"https://www.wikidata.org/wiki/Q2711981 Q2711981",,,Togo,,,9.0333333333333,1.4166666666667
13053,https://islam.zmo.de/s/westafrica/item/13053,Location,dcterms:Location,frederick.madore@zmo.de,true,5842,,,,Tchaoudjo,,"https://www.wikidata.org/wiki/Q3910188 Q3910188",,,Togo,,,8.98333333,1.13333333
13054,https://islam.zmo.de/s/westafrica/item/13054,Location,dcterms:Location,frederick.madore@zmo.de,true,5842,,,,Tsévié,,"https://www.wikidata.org/wiki/Q2060202 Q2060202",,,Togo,,,6.4333333333333,1.2166666666667
13055,https://islam.zmo.de/s/westafrica/item/13055,Location,dcterms:Location,frederick.madore@zmo.de,true,5842,,,,Vogan,,"https://www.wikidata.org/wiki/Q2740491 Q2740491",,,Togo,,,6.3333333333333,1.5333333333333
13075,https://islam.zmo.de/s/westafrica/item/13075,Location,dcterms:Location,frederick.madore@zmo.de,true,5842,,,,"Maison du RPT",,,,,Togo,,,,
13076,https://islam.zmo.de/s/westafrica/item/13076,Location,dcterms:Location,frederick.madore@zmo.de,true,5842,,,,"Lycée de Tokoin",,,,,Togo,,,,
13077,https://islam.zmo.de/s/westafrica/item/13077,Location,dcterms:Location,frederick.madore@zmo.de,true,5842,,,,"Grande mosquée de Lomé",,,,,Togo,,,,
13078,https://islam.zmo.de/s/westafrica/item/13078,Location,dcterms:Location,frederick.madore@zmo.de,true,5842,,,,"Centre Culturel Islamique de Lomé II",,,,"CCI|Centre Culturel Islamique",Togo,,,,
13082,https://islam.zmo.de/s/westafrica/item/13082,Location,dcterms:Location,frederick.madore@zmo.de,true,5842,,,,Blitta,,"https://www.wikidata.org/wiki/Q15075944 Q15075944",,,Togo,,,8.31667,0.983333
13083,https://islam.zmo.de/s/westafrica/item/13083,Location,dcterms:Location,frederick.madore@zmo.de,true,5842,,,,Riyadh|Riyad,,"https://www.wikidata.org/wiki/Q3692 Q3692",,,"Saudi Arabia",,,24.65,46.71
13084,https://islam.zmo.de/s/westafrica/item/13084,Location,dcterms:Location,frederick.madore@zmo.de,true,5842,,13085,https://islam.zmo.de/files/original/0c90cb9fc5c1c2543094610b6cac290fd16ea692.png,"North Korea|Corée du Nord",,"https://www.wikidata.org/wiki/Q423 Q423",,"Democratic People's Republic of Korea|République populaire démocratique de Corée",,,,40,127
13086,https://islam.zmo.de/s/westafrica/item/13086,Location,dcterms:Location,frederick.madore@zmo.de,true,5842,,,,Kloto,,"https://www.wikidata.org/wiki/Q3408917 Q3408917",,,Togo,,,7.083333,0.75
13087,https://islam.zmo.de/s/westafrica/item/13087,Location,dcterms:Location,frederick.madore@zmo.de,true,5842,,,,Kozah,,"https://www.wikidata.org/wiki/Q3910171 Q3910171",,,Togo,,,9.583333,1.166667
