o:id,url,o:resource_template,o:resource_class,o:owner,o:is_public,o:item_set/o:id,o:item_set/dcterms:title,o:media/o:id,o:media/file,dcterms:title,dcterms:creator,dcterms:subject,dcterms:description,dcterms:publisher,dcterms:contributor,dcterms:date,dcterms:source,dcterms:language,dcterms:rights,dcterms:extent,dcterms:medium,dcterms:isPartOf,dcterms:spatial,dcterms:rightsHolder,bibo:content,bibo:issue,bibo:volume,fabio:hasURL
10847,https://islam.zmo.de/s/westafrica/item/10847,"Video recording",bibo:AudioVisualDocument,frederick.madore@zmo.de,true,10401,,10848|10849|10850|10851|10852|10853|10854|12885|12886|12887|12888|12889|12890,https://islam.zmo.de/files/original/6daefe5b5704bdd0145274dcac9dd0131a9dcdd3.jpg|https://islam.zmo.de/files/original/c8e16a18c9da09907b2d10b81d6d8a61f7e68752.mp4|https://islam.zmo.de/files/original/23b573536da81447af9c3c6c963f5ae1918f820d.mp4|https://islam.zmo.de/files/original/792b2c9d3b4f4490ed47d5ede4405c4b5348555f.mp4|https://islam.zmo.de/files/original/3afe1f14a245336d702e859d73a1bb9cd9b428f7.mp4|https://islam.zmo.de/files/original/8932a54b9516c356e7bdd1cf68fceff75f835e32.mp4|https://islam.zmo.de/files/original/e4d081acdd2688bf6c5335e4e5349724f254a3c2.mp4|https://islam.zmo.de/files/original/be415bb9dd2e5f08e02bc0852c0f487450864840.pdf|https://islam.zmo.de/files/original/9d09eb6ccb16583521d425a8810921755e5a2280.pdf|https://islam.zmo.de/files/original/c398987669c5237e09fff5b22374bf11326fdc91.pdf|https://islam.zmo.de/files/original/1350fc9fb1a03f86199d96adfb881434f0301517.pdf|https://islam.zmo.de/files/original/c1cf4af9e2b0967e138dddb87f10693225774798.pdf|https://islam.zmo.de/files/original/91345ec0770a48a04f011ce80883e85bcd44d2c7.pdf,Demokuradiyyah,"Muhammad Auwal Albani Zaria","Democracy|Jihad|Islamism|Muslim youth|Religious pluralism","Sheikh M.A.A. Albani Zaria teaches how Muslims run government, politically, socially and morally according to Islamic religious leadership with reasoning with regard to Islamic scholars and tells the difference between polity and democracy in Islam.|Sheikh M.A.A. Albani Zaria ya karantar da mu yadda musulunchi ya karantar da yadda ake gudanar da tsarin mulki, da shugabanchi da siyasa a musulumchi, da kuma bayani akan bambanchin dake tsakanin siyasa da demokuradiyya bisa hujjoji daga littafan malamai yayin gabatar da laccar mai lacca demokuaradiyya.","Daarul Hadeethis Salafiyyah","Aleksei Akseshin|Vincent Favier",2009-06-13,"Abdoulaye Sounaye",Arabic|Hausa,"In Copyright - Rights-Holder(s) Unlocatable or Unidentifiable",PT571M,,,Nigeria,,,,,
10864,https://islam.zmo.de/s/westafrica/item/10864,"Video recording",bibo:AudioVisualDocument,frederick.madore@zmo.de,true,10401,,10952|10953|12895,https://islam.zmo.de/files/original/82fef2df9c8f2bba8ffa4e7753095604e16b0fae.jpg|https://islam.zmo.de/files/original/0340d81755013e3f14b3436fafb2f2c89a01fb0a.mp4|https://islam.zmo.de/files/original/85faccc79cd0087094274b8d5adf538421ec9f15.pdf,"Ina Gaskiyar Take?","Muhammad Auwal Albani Zaria|Professor Dauda Ojobi","Christianity|Jesus|Islamic theology","Comparisons between Islam and Christianity, the Qur'an and the Bible|Magana bambanchi tsakanin Islam da Kirintanchi da ba da Hujjoji tsakanin Qur'an da Bible","Daarul Hadeethis Salafiyyah","Aleksei Akseshin|Vincent Favier",2014-01-31,"Abdoulaye Sounaye",Hausa|English,"In Copyright - Rights-Holder(s) Unlocatable or Unidentifiable",PT126M,DVD,"Shaykh Muhammad Auwal Adam Albaniy Zaria",Zaria|Nigeria,,,,,
10865,https://islam.zmo.de/s/westafrica/item/10865,"Video recording",bibo:AudioVisualDocument,frederick.madore@zmo.de,true,10401,,11005|11006,https://islam.zmo.de/files/original/c9b2326bfd35f1032b926902b7f3276ae187cf71.jpg|https://islam.zmo.de/files/original/55b8043650ba4b4da4b1d89aa4925d6312519f4a.mp4,Sawtul-Hikmah,"Muhammad Auwal Albani Zaria",Funerals|Izala|Violence,,"Daarul Hadeethis Salafiyyah","Aleksei Akseshin|Vincent Favier",,"Abdoulaye Sounaye",Hausa,"In Copyright - Rights-Holder(s) Unlocatable or Unidentifiable",PT98M,DVD,"Jana 'Izar Shaykh albaniy Zaria",Zaria|Nigeria,,,,,
10866,https://islam.zmo.de/s/westafrica/item/10866,"Video recording",bibo:AudioVisualDocument,frederick.madore@zmo.de,true,10401,,10998|11048,https://islam.zmo.de/files/original/8e5b8ddb09bd062a3d217396881822f17df46633.jpg|https://islam.zmo.de/files/original/8f25ba9b14267624c4c288f3b6847810f342637a.mp4,"Muslim #139-140","Muhammad Auwal Albani Zaria|Muhammad Auwal Albani Zaria","Qur’an|Surah Muslim",,"Daarul Hadeethis Salafiyyah","Aleksei Akseshin|Vincent Favier",,"Abdoulaye Sounaye",Hausa|English,"In Copyright - Rights-Holder(s) Unlocatable or Unidentifiable",PT110M,DVD,"Shaykh Muhammad Auwal Adam Albaniy Zaria",Zaria|Nigeria,,,139-140,,
10867,https://islam.zmo.de/s/westafrica/item/10867,"Video recording",bibo:AudioVisualDocument,frederick.madore@zmo.de,true,10401,,10992|11053|11054|11055|11056|11057|11058|11059|11060|11061|11062|11063|11064|11065|11066|11067|11068|11069|11070|11071|11072,https://islam.zmo.de/files/original/695bf3c0c3a64eac75b182caa5d122e8cc0813df.jpg|https://islam.zmo.de/files/original/678b3c8d1500bb868270bf25cad6f9637c67f81d.mp4|https://islam.zmo.de/files/original/5cb1103903226809ecc3be73f4e9dbe7e2445e83.mp4|https://islam.zmo.de/files/original/33b8b0a67791360efe1477cb4e90a65c3ab83853.mp4|https://islam.zmo.de/files/original/0a8ef9c08be14b21d6966c4ca9a4719318e3ae65.mp4|https://islam.zmo.de/files/original/e8b630ad2e8c116e65de9ed1a6ee58bccba8cb94.mp4|https://islam.zmo.de/files/original/4cdf19af7e09620dd84acd00b27aa54f104f9553.mp4|https://islam.zmo.de/files/original/68c662bbb0e379abd4cd09d4352e1c243ed02732.mp4|https://islam.zmo.de/files/original/2d217a1a4663421ee26940b1d7f9a75d9a4f3720.mp4|https://islam.zmo.de/files/original/96a72082060dcf28d819b54919ad19b6ab96a595.mp4|https://islam.zmo.de/files/original/c7bd51b75417243f37febdaf07d154e189eb4b65.mp4|https://islam.zmo.de/files/original/bcd7beb19c5f6b05ea8a6a9087287b97e6561f51.mp4|https://islam.zmo.de/files/original/2448c04c923ffc469940a2b0f5dfa3f57d9d0e12.mp4|https://islam.zmo.de/files/original/7444df4a4e87319fb6f403e4d60b87620a8829a0.mp4|https://islam.zmo.de/files/original/a111000e44a996ef0bb5dbaa0efb9cdaad3fcc37.mp4|https://islam.zmo.de/files/original/9174cb623ed0f9da4053c459f4ad150a9c257064.mp4|https://islam.zmo.de/files/original/14a2f4289cc696310708b1864c13362ee8101fbc.mp4|https://islam.zmo.de/files/original/28b9f292c7cd8434353338714f91ee62c09c9a7a.mp4|https://islam.zmo.de/files/original/fc15c5585de3345ee61a47f732f1719cdd92529e.mp4|https://islam.zmo.de/files/original/92b5b055403630f651600d7cc6d192949b97ae47.mp4|https://islam.zmo.de/files/original/ff74631cd0dd605a2f95ac697883cd3f982f02f1.mp4,"Khudubobin Juma'a vol. 1","Muhammad Auwal Albani Zaria|Malam Musa umar Mustapha","Islamic theology",,"Daarul Hadeethis Salafiyyah","Aleksei Akseshin|Vincent Favier",,"Abdoulaye Sounaye",Hausa|en,"In Copyright - Rights-Holder(s) Unlocatable or Unidentifiable",PT446M,DVD,"Khudubobin Juma'a",Zaria|Nigeria,,,1-20,1,
10868,https://islam.zmo.de/s/westafrica/item/10868,"Video recording",bibo:AudioVisualDocument,frederick.madore@zmo.de,true,10401,,10993|11073|11074|11075|11076|11077|11078|11079|11080|11081|11082|11083|11084|11085|11086|11087|11088|11089|11090|11091|11092,https://islam.zmo.de/files/original/4b15bb9592befd564489ac02017574fc07891e90.jpg|https://islam.zmo.de/files/original/f670b79a29cf727dc3e2e1197e403d62f2754493.mp4|https://islam.zmo.de/files/original/040fd58215c1de642f339e7c49cd227ba49dd6db.mp4|https://islam.zmo.de/files/original/398ff1626e58ed658ca1b1a551b55f9d12c968a6.mp4|https://islam.zmo.de/files/original/7e7ff9657243b0670368a242724e47783fc075ab.mp4|https://islam.zmo.de/files/original/30b0f1f584cb5fb84493ce3d52f2e608d1e1df40.mp4|https://islam.zmo.de/files/original/3094f492f58f55e979ddf96cb9feecdcf2b37cf2.mp4|https://islam.zmo.de/files/original/878750311fd5b756188b48a16549b3b47c72f44a.mp4|https://islam.zmo.de/files/original/0ce8654c56d3ed80ebc9e84ecd3f829f578c8694.mp4|https://islam.zmo.de/files/original/c48e50ceed0eed8fc1de9a7cb7419859a6866b17.mp4|https://islam.zmo.de/files/original/c5fe75b09922520ebe93a4a3f29924a32594a966.mp4|https://islam.zmo.de/files/original/b9502aaaa7ff4a0bd5153f7b9f22c61f00f6750b.mp4|https://islam.zmo.de/files/original/fbd70b5084346d735439fd2ba9fa3583a4697d89.mp4|https://islam.zmo.de/files/original/6de8f6b790e00c3e8ef6318b271a793e11fb26cd.mp4|https://islam.zmo.de/files/original/528a42bc34aa8486f3a3ea34897dc868cc691a17.mp4|https://islam.zmo.de/files/original/8b1057a65821deb9aaf5e1ef684dd9d1c29d5c0f.mp4|https://islam.zmo.de/files/original/b0d8aa7b8a85098600d239242a350cd489d0e552.mp4|https://islam.zmo.de/files/original/7a2db92a3a329f5fca1b0a5ce8124bab394a85a2.mp4|https://islam.zmo.de/files/original/828dd5755f9aa89e51f2fcba612a1193477a39e9.mp4|https://islam.zmo.de/files/original/4bd8175760973a5c27506812ce0863e624d48ebb.mp4|https://islam.zmo.de/files/original/5942e26cb9a84a3b47281fef9ffa85131c0efc81.mp4,"Khudubobin Juma'a vol. 2","Muhammad Auwal Albani Zaria|Malam Musa umar Mustapha","Islamic theology",,"Daarul Hadeethis Salafiyyah","Aleksei Akseshin|Vincent Favier",,"Abdoulaye Sounaye",Hausa|English,"In Copyright - Rights-Holder(s) Unlocatable or Unidentifiable",PT469M,DVD,"Khudubobin Juma'a",Zaria|Nigeria,,,21-40,2,
10869,https://islam.zmo.de/s/westafrica/item/10869,"Video recording",bibo:AudioVisualDocument,frederick.madore@zmo.de,true,10401,,10930|10931|12894,https://islam.zmo.de/files/original/02a8c745d44f426974e8a161c0b1787451e0ff2e.jpg|https://islam.zmo.de/files/original/2fbcb54cbfc17f83a03906b92e6ac50b7bc88258.mp4|https://islam.zmo.de/files/original/4682663f6a91ed9d069fe218ec90e20eef409e73.pdf,"Haila Larurar Mata","Muhammad Auwal Albani Zaria",,"Sheikh M.A.A. Albani talks about women's menstruation, childbirth, unhealthy conditions and teaches how to solve such problems.|Sheikh M.A.A. Albani ya karantar da mu matsalolin, jinin haila, jinin haihuwa da jinin rashin lafiya na mata bisa dogaro da ayoyi da hadisan Manzon Allah Muhammad. Wajen warware dukamin wata matsala idan ta taso ga mata.","Daarul Hadeethis Salafiyyah","Aleksei Akseshin|Vincent Favier",2001-11-20,"Abdoulaye Sounaye",Hausa,"In Copyright - Rights-Holder(s) Unlocatable or Unidentifiable",PT184M,DVD,"Shaykh Muhammad Auwal Adam Albaniy Zaria",Zaria|Nigeria,,,,,
10870,https://islam.zmo.de/s/westafrica/item/10870,"Video recording",bibo:AudioVisualDocument,frederick.madore@zmo.de,true,10401,,10910|11031|11032|11033|11034|12896|12897|12898|12899,https://islam.zmo.de/files/original/e1030760ea8a8a449eff9607256c07a28adeeb2d.jpg|https://islam.zmo.de/files/original/34df5b8a11247f430d1bb7dfcb1a75e09553ffa9.mp4|https://islam.zmo.de/files/original/50501f997798e5b3ea87b7078524479457cf63c6.mp4|https://islam.zmo.de/files/original/84edddfe05cfb2699da6d3ee92e7f749baca008d.mp4|https://islam.zmo.de/files/original/7d17930be059e4831cca522efcad1a832b915e9e.mp4|https://islam.zmo.de/files/original/feeb4cef0e627b4d9525da80b433b7cbb9fc4791.pdf|https://islam.zmo.de/files/original/edb8eec0727635bf02532ffd43e6c53009166552.pdf|https://islam.zmo.de/files/original/7f2fb8e2904a482e3ffa429a1eef75e744903eaa.pdf|https://islam.zmo.de/files/original/d114c48fa0a2c2c80608048d9578dbc690401337.pdf,"Adabul Mufrad #1-4","Muhammad Auwal Albani Zaria|Adabul Mufrad","Islamic theology","Sheikh M.A.A. Albani teach us how to run our life with everyone without and tribalism or religious differences and how to obey parents from the Adabul Mufrad.|Malam shaikh M.A.A Albani yana karantar da yadda za mu yi mu ba tare da banbachi komai ba da bin iyaye daga littafai Ablabul-Mufrad","Daarul Hadeethis Salafiyyah","Aleksei Akseshin|Vincent Favier",2001-08,"Abdoulaye Sounaye",Hausa,"In Copyright - Rights-Holder(s) Unlocatable or Unidentifiable",PT245M,DVD,"Shaykh Muhammad Auwal Adam Albaniy Zaria",Zaria|Nigeria,,,1-4,,
10871,https://islam.zmo.de/s/westafrica/item/10871,"Video recording",bibo:AudioVisualDocument,frederick.madore@zmo.de,true,10401,,10979|10980|10981,https://islam.zmo.de/files/original/c77b281c5edb538c2fa8eb327b997ac84610f369.jpg|https://islam.zmo.de/files/original/31d14c0eee232ecb9d22a130fa0c1ff612828d2f.mp4|https://islam.zmo.de/files/original/66d08092055d30e0fc0bc6f2f5d0c03aceeadc34.mp4,"Kaddamar da Sashin Al-Qur'ani","Muhammad Auwal Albani Zaria|Daaru Ibn Katheer","Qur’an|Ibn Katheer|Islamic theology",,"Daarul Hadeethis Salafiyyah","Aleksei Akseshin|Vincent Favier",,"Abdoulaye Sounaye",Hausa|Arabic,"In Copyright - Rights-Holder(s) Unlocatable or Unidentifiable",PT175M,DVD,"Shaykh Muhammad Auwal Adam Albaniy Zaria",Zaria|Nigeria,,,,,
10872,https://islam.zmo.de/s/westafrica/item/10872,"Video recording",bibo:AudioVisualDocument,frederick.madore@zmo.de,true,10401,,10939|10940|10941|12893,https://islam.zmo.de/files/original/7784a495936898cca313a9428c0a052920ceeb80.jpg|https://islam.zmo.de/files/original/55d27964f033748ddc7122d767b80566ba3ff327.mp4|https://islam.zmo.de/files/original/f1887a0a2817e55045e5b2da9397aea4760b9529.mp4|https://islam.zmo.de/files/original/126fb08e95ff82ed9dc08737a29e92306a74c5a1.pdf,"Hirar Tarho a D.I.V. da Shaykh Albaniy Zaria","Muhammad Auwal Albani Zaria",,"Sheikh M.A.A. Albani Zaria answers various questions about the Islamic religion with references to the Qur'an and Hadith.|Shaikh M.A.A Albani Zaria ya amsa tambayoyi game da matsalolin da suka shige musu duhu game da addini musulumchi, ta ba da hijja daga Ƙurani da hadisai.","Daarul Hadeethis Salafiyyah","Aleksei Akseshin|Vincent Favier",,"Abdoulaye Sounaye",Hausa,"In Copyright - Rights-Holder(s) Unlocatable or Unidentifiable",PT240M,DVD,"Shaykh Muhammad Auwal Adam Albaniy Zaria",Zaria|Nigeria,,,1-2,,
10873,https://islam.zmo.de/s/westafrica/item/10873,"Video recording",bibo:AudioVisualDocument,frederick.madore@zmo.de,true,10401,,10985|10986|10987|10988|10989|10990|10991,https://islam.zmo.de/files/original/f1613ed2e9d540ba491482069091cc1c34f509da.jpg|https://islam.zmo.de/files/original/b60b9cf364d20074c41df81b96b9ae906b0d972e.mp4|https://islam.zmo.de/files/original/a426c13750e2c81da6bcd622be7fe30fc7b7a130.mp4|https://islam.zmo.de/files/original/2342a5eee97baad34f91a15512b8e7bce1805d6d.mp4|https://islam.zmo.de/files/original/385c9b584fd6df4d2024b80d1eac26d0ae868c9c.mp4|https://islam.zmo.de/files/original/df19b145b9e04d26403cdb934f231a2ba6250f5d.mp4|https://islam.zmo.de/files/original/ed48c05281e9b92b4d650dfb5f3b1805d6b1c9cd.mp4,"Karen Bana...","Muhammad Auwal Albani Zaria",,,"Daarul Hadeethis Salafiyyah","Aleksei Akseshin|Vincent Favier",,"Abdoulaye Sounaye",Hausa|Arabic,"In Copyright - Rights-Holder(s) Unlocatable or Unidentifiable",PT534M,DVD,"Shaykh Muhammad Auwal Adam Albaniy Zaria",Zaria|Nigeria,,,1-3,,
10874,https://islam.zmo.de/s/westafrica/item/10874,"Video recording",bibo:AudioVisualDocument,frederick.madore@zmo.de,true,10401,,10947|10948|10949|10950|10951|12892,https://islam.zmo.de/files/original/554e89a94c52a984c0e669dac646e6749890347f.jpg|https://islam.zmo.de/files/original/5a4b61d23ec015dcbfba08571e3e971e5402eeab.mp4|https://islam.zmo.de/files/original/acda02d0f7a46ab6d502d2993a8c710b4a019994.mp4|https://islam.zmo.de/files/original/8275cb5d19a982ed7388cb2d15ee4ccdfb264396.mp4|https://islam.zmo.de/files/original/aefad4b7e5f8f956208d5a0cdf3135c7244800a2.mp4|https://islam.zmo.de/files/original/cf41140bb97b7890b44473c964c296ff3cf04892.pdf,"In an bugi jaki... Habaa shehi!!!? Rigiji gabji","Muhammad Auwal Albani Zaria",,"This video contains a message from Sheikh Albani Zaria to the Sheikh of Tijaniyyah Dahiru Bauchi. It shows the importance and meaning of the position of Islam and the meaning of Christianity and an explanation of who they are ""Izala and their Sufs and an explanation of who the Christians are and their Sufs and an explanation of whether it is permissible for a Muslim to vote for an infidel if a Muslim is also competing.|Wannan Video ne ta Qunshi Sako Da Sheikh Albani Zaria Ya Turawa Shehin tarikan Tidjaniyyah Dahiru Bauchi. Sheikh M.A.A Albani ya tunatar da mu irin matsayin musulunci da na’anar kiristanci, da bayani akan cewa suwaye “Yan izala da suffofinsu, da bayani akan cewa suwaye kiristoci, da suffofinsu da bayani akan cewa ko ya halatta musulmi ya zabi kafiri idan harda musulmi shima yana takara.","Daarul Hadeethis Salafiyyah","Aleksei Akseshin|Vincent Favier",2011-04-03,"Abdoulaye Sounaye",Hausa|Arabic,"In Copyright - Rights-Holder(s) Unlocatable or Unidentifiable",PT241M,DVD,"Shaykh Muhammad Auwal Adam Albaniy Zaria",Zaria|Nigeria,,,1-3,,
10875,https://islam.zmo.de/s/westafrica/item/10875,"Video recording",bibo:AudioVisualDocument,frederick.madore@zmo.de,true,10401,,11035|11036|11037|11038|11039|11040|11041,https://islam.zmo.de/files/original/0a106da3e9f5199aca88bfebed0fd919bb9a8ad0.jpg|https://islam.zmo.de/files/original/d7861bd6e3fe6f3f62b0f430f7e97b3431cb398f.mp4|https://islam.zmo.de/files/original/a22e7ecfe1ce99ddee0b554f2bdc9d6a5df17b4d.mp4|https://islam.zmo.de/files/original/e5401228bb6307ab6a3c60bddc5ba5be40b6f73f.mp4|https://islam.zmo.de/files/original/0191d556fc365c5cdacce79845306b8bd5e6d809.mp4|https://islam.zmo.de/files/original/a4637c794609b84dc1e9926927f6da12d6f7f1cf.mp4|https://islam.zmo.de/files/original/6dd82830909619e9b0ac37f3316ef0f208220359.mp4,"Adabul Mufrad #9-12","Muhammad Auwal Albani Zaria|Adabul Mufrad","Islamic theology",,"Daarul Hadeethis Salafiyyah","Aleksei Akseshin|Vincent Favier",,"Abdoulaye Sounaye",Hausa,"In Copyright - Rights-Holder(s) Unlocatable or Unidentifiable",PT250M,DVD,"Shaykh Muhammad Auwal Adam Albaniy Zaria",Zaria|Nigeria,,,9-12,,
10876,https://islam.zmo.de/s/westafrica/item/10876,"Video recording",bibo:AudioVisualDocument,frederick.madore@zmo.de,true,10401,,10942|11046|11047,https://islam.zmo.de/files/original/226194aa70c859f07a4c906f00cad991733147d0.jpg|https://islam.zmo.de/files/original/d8f6cf51160fc5003632105a3f33e9cdc080bb2f.mp4|https://islam.zmo.de/files/original/3e26e09b9ab6c953d3eff38fee285bb551cd7f8d.mp4,"Ilimin Hadisi","Muhammad Auwal Albani Zaria",Hadith,,"Daarul Hadeethis Salafiyyah","Aleksei Akseshin|Vincent Favier",,"Abdoulaye Sounaye",Hausa,"In Copyright - Rights-Holder(s) Unlocatable or Unidentifiable",PT86M,DVD,"Shaykh Muhammad Auwal Adam Albaniy Zaria",Zaria|Nigeria,,,,,
10877,https://islam.zmo.de/s/westafrica/item/10877,"Video recording",bibo:AudioVisualDocument,frederick.madore@zmo.de,true,10401,,10932|10933|10934|10935|10936,https://islam.zmo.de/files/original/b53f57bdbc3f1a6f7c5ff320ccd647cd2cbb7cfb.jpg|https://islam.zmo.de/files/original/3f1f4154cc8ed63d676566a8677533dc3cc074b8.mp4|https://islam.zmo.de/files/original/feeb1b11f59924c99dcafd09d2c3b2e245b5479b.mp4|https://islam.zmo.de/files/original/44b33fd3a374b4325c2416fd40b830cb5cd7c378.mp4|https://islam.zmo.de/files/original/f168b92b31fd803d3e4f2d3f2b6108222cb83cdc.mp4,"Hajji da Umrah (Hajji camp Yola)","Muhammad Auwal Albani Zaria",Hadj|Umrah,,"AA Rasheed Electronics ?","Aleksei Akseshin|Vincent Favier",2004,"Abdoulaye Sounaye",Hausa,"In Copyright - Rights-Holder(s) Unlocatable or Unidentifiable",PT146M,DVD,"Shaykh Muhammad Auwal Adam Albaniy Zaria",Yola|Nigeria,,,,,
10878,https://islam.zmo.de/s/westafrica/item/10878,"Video recording",bibo:AudioVisualDocument,frederick.madore@zmo.de,true,10401,,10943|10944,https://islam.zmo.de/files/original/1629c5f78425e9912cf7f41e89e7bc6b42476f47.jpg|https://islam.zmo.de/files/original/9d520b739dc86bccc838544b4374d007000935cf.mp4,"Illar bara da tumasanci da bambadaci da maula a musulunci (Wa'azin Zaria)","Muhammad Auwal Albani Zaria",Wa'azi,,"Daarul Hadeethis Salafiyyah","Aleksei Akseshin|Vincent Favier",,"Abdoulaye Sounaye",,"In Copyright - Rights-Holder(s) Unlocatable or Unidentifiable",PT164M,DVD,"Shaykh Muhammad Auwal Adam Albaniy Zaria",Zaria|Nigeria,,,1-4,,
10879,https://islam.zmo.de/s/westafrica/item/10879,"Video recording",bibo:AudioVisualDocument,frederick.madore@zmo.de,true,10401,,10928|10929,https://islam.zmo.de/files/original/be2c741ad99ff81f6815453686dc75380c0376e0.jpg|https://islam.zmo.de/files/original/63fdd6766e3abb38502a1d56fae08ea9ed3d36c6.mp4,"Hadisai 100","Muhammad Auwal Albani Zaria",Hadith,,"Daarul Hadeethis Salafiyyah","Aleksei Akseshin|Vincent Favier",,"Abdoulaye Sounaye",Hausa,"In Copyright - Rights-Holder(s) Unlocatable or Unidentifiable",PT200M,DVD,"Shaykh Muhammad Auwal Adam Albaniy Zaria",Zaria|Nigeria,,,1-2,,
10880,https://islam.zmo.de/s/westafrica/item/10880,"Video recording",bibo:AudioVisualDocument,frederick.madore@zmo.de,true,10401,,11000|11001,https://islam.zmo.de/files/original/8ac44f05d840f09a1903478b98a97003510fb7ed.jpg|https://islam.zmo.de/files/original/684de08ca404b701fd646a0239a87d728da98560.mp4,"Professor Dauda Ojobi (O.O.N)","Muhammad Auwal Albani Zaria|Professor Dauda Ojobi",,,"Daarul Hadeethis Salafiyyah","Aleksei Akseshin|Vincent Favier",,"Abdoulaye Sounaye",Hausa,"In Copyright - Rights-Holder(s) Unlocatable or Unidentifiable",PT155M,DVD,"Shaykh Muhammad Auwal Adam Albaniy Zaria",Zaria|Nigeria,,,,,
10881,https://islam.zmo.de/s/westafrica/item/10881,"Video recording",bibo:AudioVisualDocument,frederick.madore@zmo.de,true,10401,,10963|10964|10965|10966|10967|10968|10969|10970|10971,https://islam.zmo.de/files/original/968026cef2430326a85c484ab9c3a8b7219efcac.jpg|https://islam.zmo.de/files/original/4164efe69a92d9bf1faa19c8fc4f7902d47c28c1.mp4|https://islam.zmo.de/files/original/912f53fce7e726e3cc9f0b62ab2e1f3915cea2ca.mp4|https://islam.zmo.de/files/original/52f8288536892464a712663c1b8281e81cb0440c.mp4|https://islam.zmo.de/files/original/e651eac183f7531055b8906d06cb333a7e3fdf81.mp4|https://islam.zmo.de/files/original/b11d826e2ea30660309d9b419af850679ab39c52.mp4|https://islam.zmo.de/files/original/752ebec7b526c911f49be5b2b893ff2fa81d41ca.mp4|https://islam.zmo.de/files/original/7116102eb2df67e6171c6f8100dfca23c98bfa2e.mp4|https://islam.zmo.de/files/original/ed59ff7fd7a68d2ffc88e05242863acb42fdc8ed.mp4,"Jihadin dan Fodio...","Muhammad Auwal Albani Zaria","America|Jihad|Usman dan Fodio",,"Daarul Hadeethis Salafiyyah","Aleksei Akseshin|Vincent Favier",2004,"Abdoulaye Sounaye",Hausa|Arabic,"In Copyright - Rights-Holder(s) Unlocatable or Unidentifiable",PT284M,DVD,"Shaykh Muhammad Auwal Adam Albaniy Zaria",Zaria|Nigeria,,,1-3,,
10882,https://islam.zmo.de/s/westafrica/item/10882,"Video recording",bibo:AudioVisualDocument,frederick.madore@zmo.de,true,10401,,10926|10927|12891,https://islam.zmo.de/files/original/eb9e37674678c0577a7891552d7ed1d15137d62c.jpg|https://islam.zmo.de/files/original/41d0327a29f2e01054a66a75edb6e2523cac1a2e.mp4|https://islam.zmo.de/files/original/48c838d4531e5f324a4520ab8ceb1513cc2a118c.pdf,"Gurbacewar Tarbiyyah","Muhammad Auwal Albani Zaria","Women in Islam","Scholars talk about what causes immorality in our societies and how to fight it, and solutions to these problems of immorality, the seminar organised by ""FOMWAN"".|Malamai sun karantar da mu abubawan da suke jawo lalacewar tarbiyya a tsakanin alummar mu da kuma hanyoyin da za’abi wajen maganinta da gwarawa don samon alumma ta tagari mai tarbiyya a wannan taron karawa juna sani da kungiyar “FOMWAN” ta shira.","Daarul Hadeethis Salafiyyah","Aleksei Akseshin|Vincent Favier",2008-05-25,"Abdoulaye Sounaye",Hausa|Arabic,"In Copyright - Rights-Holder(s) Unlocatable or Unidentifiable",PT186M,DVD,"Shaykh Muhammad Auwal Adam Albaniy Zaria",Zaria|Nigeria,,,1-2,,
10883,https://islam.zmo.de/s/westafrica/item/10883,"Video recording",bibo:AudioVisualDocument,frederick.madore@zmo.de,true,10401,,11022|11023,https://islam.zmo.de/files/original/3e08fd8392db86269e4e9d765df7955548cda5b9.jpg|https://islam.zmo.de/files/original/5863893b191d72f4f276fb151ae104cc7029b137.mp4,"Wanene Malaminka?","Muhammad Auwal Albani Zaria|Sa'eed Aliyu Mai Kwano",Hijab,,"Daarul Hadeethis Salafiyyah","Aleksei Akseshin|Vincent Favier",,"Abdoulaye Sounaye",Hausa|Arabic,"In Copyright - Rights-Holder(s) Unlocatable or Unidentifiable",PT179M,DVD,,Zaria|Nigeria|Togo,,,,,
10884,https://islam.zmo.de/s/westafrica/item/10884,"Video recording",bibo:AudioVisualDocument,frederick.madore@zmo.de,true,10401,,10982|10983|10984,https://islam.zmo.de/files/original/97a4c3a4064975af8af7ca9985ac38a327e7d94c.jpg|https://islam.zmo.de/files/original/a6b21d22b1a1176404ecfcf6938b70ada26b7755.mp4|https://islam.zmo.de/files/original/442836af22359fda43782dc621fbc38563e39899.mp4,"Karatuttukan Karshe a Ranar da Aka Kashe Shaykh Albaniy Zaria (Dariqus-salihin 1, Muslim 172, Bukhaariy 308)","Muhammad Auwal Albani Zaria",,,"Daarul Hadeethis Salafiyyah","Aleksei Akseshin|Vincent Favier",,"Abdoulaye Sounaye",Hausa|English,"In Copyright - Rights-Holder(s) Unlocatable or Unidentifiable",PT198M,DVD,"Shaykh Muhammad Auwal Adam Albaniy Zaria",Zaria|Nigeria,,,1-3,,
10885,https://islam.zmo.de/s/westafrica/item/10885,"Video recording",bibo:AudioVisualDocument,frederick.madore@zmo.de,true,10401,,10954|10955|10956|10957|10958|10959|10960|10961|10962,https://islam.zmo.de/files/original/8f1ee54ea00d2af3530aa0d7b506a72bb5327606.jpg|https://islam.zmo.de/files/original/8730545fcb4f9b0c18ad27f1060a25bdec99936d.mp4|https://islam.zmo.de/files/original/ec1859b2cf875c46f6c8cbf4948e85d3e781452b.mp4|https://islam.zmo.de/files/original/0c1b2a787c6ed8bb3600cb2d8e545f9f88df4ffb.mp4|https://islam.zmo.de/files/original/c819a23fe8865ab3b96a7b2eec69003e476892d2.mp4|https://islam.zmo.de/files/original/365e8ccf8d09e414f6d9a24b9b5571730ba66218.mp4|https://islam.zmo.de/files/original/aa60da68b2874e24f43d0e2f5dd875240cd8cc30.mp4|https://islam.zmo.de/files/original/f5794a0279618433a55f0a1d00abe58c00ee3f82.mp4|https://islam.zmo.de/files/original/25389646da896f8c220fabbcd24f5fbefa23d74d.mp4,"Jihadin dan Fodio Ba Hawa Daushe Bane","Muhammad Auwal Albani Zaria","Jihad|Usman dan Fodio",,"Daarul Hadeethis Salafiyyah","Aleksei Akseshin|Vincent Favier",2004,"Abdoulaye Sounaye",Hausa|Arabic,"In Copyright - Rights-Holder(s) Unlocatable or Unidentifiable",PT286M,DVD,"Shaykh Muhammad Auwal Adam Albaniy Zaria",Zaria|Nigeria,,,1-4,,
10886,https://islam.zmo.de/s/westafrica/item/10886,"Video recording",bibo:AudioVisualDocument,frederick.madore@zmo.de,true,10401,,11018,https://islam.zmo.de/files/original/7e0ffec3eaec1b57f6c3d78e63e5e42eedce1e15.jpg,"Taron Fadar Zazzau Game da Sallar Juma'a","Muhammad Auwal Albani Zaria",Fada|Prayer,,"Daarul Hadeethis Salafiyyah","Aleksei Akseshin|Vincent Favier",,"Abdoulaye Sounaye",Hausa,"In Copyright - Rights-Holder(s) Unlocatable or Unidentifiable",PT89M,CD,,Zaria|Nigeria,,,,,
10887,https://islam.zmo.de/s/westafrica/item/10887,"Video recording",bibo:AudioVisualDocument,frederick.madore@zmo.de,true,10401,,11012|11013,https://islam.zmo.de/files/original/9b2cbdbb354bcb827f92b80c2e897aad3a182712.jpg|https://islam.zmo.de/files/original/8356805638580ba3fd8137ece39e292e74501ee1.mp4,"Shirka da Illolinta (Wa'azin Bauchi)","Muhammad Auwal Albani Zaria",Bauchi|Wa'azi,,"Daarul Hadeethis Salafiyyah","Aleksei Akseshin|Vincent Favier",,"Abdoulaye Sounaye",Hausa|Arabic,"In Copyright - Rights-Holder(s) Unlocatable or Unidentifiable",PT181M,DVD,"Shaykh Muhammad Auwal Adam Albaniy Zaria",Zaria|Nigeria,,,,,
10889,https://islam.zmo.de/s/westafrica/item/10889,"Video recording",bibo:AudioVisualDocument,frederick.madore@zmo.de,true,10401,,11042|11043|11044|11045,https://islam.zmo.de/files/original/506d17545b194867f708ef6e211380f0dd0c930f.jpg|https://islam.zmo.de/files/original/60b29a47b5cd530bad0b5cbecde0248888ab7e2f.mp4|https://islam.zmo.de/files/original/ed18b4c937df61c5c52d3e3a878078eaa36ffd5d.mp4|https://islam.zmo.de/files/original/8c0bf990d45e386c01daaaaf42f9cff43f5d0d65.mp4,"Adabul Mufrad #5-6","Muhammad Auwal Albani Zaria",,,"Daarul Hadeethis Salafiyyah","Aleksei Akseshin|Vincent Favier",2001,"Abdoulaye Sounaye",Hausa|Arabic,,PT135M,DVD,,Zaria|Nigeria,,,5-6,,
10890,https://islam.zmo.de/s/westafrica/item/10890,"Video recording",bibo:AudioVisualDocument,frederick.madore@zmo.de,true,10401,,11002|11003|11004,https://islam.zmo.de/files/original/c2765a5faaa2f39f312fb9897dea68903ba88f96.jpg|https://islam.zmo.de/files/original/2eab86a1363b0fc6736ae7c339908643c2498205.mp4|https://islam.zmo.de/files/original/c238e02a90419140b2fcf1f08266c7393528c740.mp4,"Salafiyyah Itace Mafita Nasihar Iyaye","Muhammad Auwal Albani Zaria",Salafism,,"Daarul Hadeethis Salafiyyah","Aleksei Akseshin|Vincent Favier",,"Abdoulaye Sounaye",Hausa|Arabic,"In Copyright - Rights-Holder(s) Unlocatable or Unidentifiable",PT375M,DVD,,Zaria|Nigeria,,,,,
10891,https://islam.zmo.de/s/westafrica/item/10891,"Video recording",bibo:AudioVisualDocument,frederick.madore@zmo.de,true,10401,,10937|10938|12884,https://islam.zmo.de/files/original/92535c2b1bfa2eee5895811941a294d6e9370c65.jpg|https://islam.zmo.de/files/original/9446fc8316a708b78cbcbba8bb1431eff026df83.mp4|https://islam.zmo.de/files/original/c8c125892a36d55e38a211c5ed201db499967c5d.pdf,"Hanyoyin Sulhun Aure","Muhammad Auwal Albani Zaria",,"Sheikh M.A.A. Albani talks about techniques of marital reconciliation in Islam with reference to the Qur'an and Hadith.|Sheikh M.A.A. Albani ya karantar da mu yadda ake yin sulhun na’aura ta idan an samu rashin fahimtar juna bisa koyarwar addinin musulunci.","Daarul Hadeethis Salafiyyah","Aleksei Akseshin|Vincent Favier",2008-10-28,"Abdoulaye Sounaye",Hausa|Arabic,"In Copyright - Rights-Holder(s) Unlocatable or Unidentifiable",PT172M,DVD,,Zaria|Nigeria,,,,,
10892,https://islam.zmo.de/s/westafrica/item/10892,"Video recording",bibo:AudioVisualDocument,frederick.madore@zmo.de,true,10401,,11007|11008|11009|11010|11011,https://islam.zmo.de/files/original/1928a6ff5fa6c498f671695e7bc8b47140ec95f6.jpg|https://islam.zmo.de/files/original/84dbe8ac2155539b417ce22604aea9dafbbe7dae.mp4|https://islam.zmo.de/files/original/ea372254d12e10fc53582bf2612af3993d200772.mp4|https://islam.zmo.de/files/original/33d47fbed572698fa90d1e65998773b8c754826a.mp4|https://islam.zmo.de/files/original/d4e608e8522749e050e56f7d4af5b95a58825350.mp4,Shari'a,"Muhammad Auwal Albani Zaria",Sharia,,"Daarul Hadeethis Salafiyyah","Aleksei Akseshin|Vincent Favier",,"Abdoulaye Sounaye",Hausa|Arabic,"In Copyright - Rights-Holder(s) Unlocatable or Unidentifiable",PT95M,DVD,,Zaria|Nigeria,,,1-4,,
10893,https://islam.zmo.de/s/westafrica/item/10893,"Video recording",bibo:AudioVisualDocument,frederick.madore@zmo.de,true,10401,,11029|11030,https://islam.zmo.de/files/original/4ef47a45df214a721c0b4a81e9a824ae0b73efc7.jpg|https://islam.zmo.de/files/original/1f594ed3fc8818cdafcb72176bd4e4d634896094.mp4,"Ziyarar Shugaban Malamai na Izalah","Muhammad Auwal Albani Zaria",Izala,,"Daarul Hadeethis Salafiyyah","Aleksei Akseshin|Vincent Favier",2013-03-17,"Abdoulaye Sounaye",Hausa|Arabic,"In Copyright - Rights-Holder(s) Unlocatable or Unidentifiable",PT119M,DVD,,Zaria|Nigeria,,,,,
10894,https://islam.zmo.de/s/westafrica/item/10894,"Video recording",bibo:AudioVisualDocument,frederick.madore@zmo.de,true,10401,,10999|11049|11050,https://islam.zmo.de/files/original/4ee41d78295b6409cfd3b8a9a67d4166fdf50f93.jpg|https://islam.zmo.de/files/original/c30fe95cbdfce1eec730b19dc6bb35cdc0c0588b.mp4|https://islam.zmo.de/files/original/46a4369019ed708d53b97ac3668a8167b6c34a2d.mp4,"Muslim #133-134","Muhammad Auwal Albani Zaria",,,"Daarul Hadeethis Salafiyyah","Aleksei Akseshin|Vincent Favier",,"Abdoulaye Sounaye",Hausa|Arabic,"In Copyright - Rights-Holder(s) Unlocatable or Unidentifiable",PT180M,DVD,Muslim,Zaria|Nigeria,,,133-134,,
10895,https://islam.zmo.de/s/westafrica/item/10895,"Video recording",bibo:AudioVisualDocument,frederick.madore@zmo.de,true,10401,,10919|10920|10921|10922,https://islam.zmo.de/files/original/4f09e20b92e041da6a4fe59a0b45cdb67291a961.jpg|https://islam.zmo.de/files/original/c28d12cef40c8120fc14cc8c07929cb8fdb2b284.mp4|https://islam.zmo.de/files/original/1ca29f4e5917799fc452c8bf50828b2b66ce52f2.mp4|https://islam.zmo.de/files/original/4317e8553b0f767fbc721aae841d47a3263de9bb.mp4,"Bidi'a da Sharrorinta","Muhammad Auwal Albani Zaria",,,"Daarul Hadeethis Salafiyyah","Aleksei Akseshin|Vincent Favier",1999-05-30,"Abdoulaye Sounaye",Hausa|Arabic,"In Copyright - Rights-Holder(s) Unlocatable or Unidentifiable",PT335M,DVD,,Zaria|Nigeria,,,,,
10896,https://islam.zmo.de/s/westafrica/item/10896,"Video recording",bibo:AudioVisualDocument,frederick.madore@zmo.de,true,10401,,10994|10995,https://islam.zmo.de/files/original/8e91a04fe19ebf9ce739cb3df4a87000c04006c2.jpg|https://islam.zmo.de/files/original/3b25c039321d45efeeb49730bc807fc053ac6f1e.mp4,Kongo,"Muhammad Auwal Albani Zaria",,,"Daarul Hadeethis Salafiyyah","Aleksei Akseshin|Vincent Favier",,"Abdoulaye Sounaye",Hausa|Arabic,"In Copyright - Rights-Holder(s) Unlocatable or Unidentifiable",PT88M,DVD,,Zaria|Nigeria,,,,,
10897,https://islam.zmo.de/s/westafrica/item/10897,"Video recording",bibo:AudioVisualDocument,frederick.madore@zmo.de,true,10401,,11051|11052,https://islam.zmo.de/files/original/d899f731d7be47a3ff34fa91ad29646830ef8e55.mp4|https://islam.zmo.de/files/original/6de2e7e31db2b796d724cb848ef35b7a22a75ed4.mp4,"Muslim #135-136","Muhammad Auwal Albani Zaria",,,"Daarul Hadeethis Salafiyyah","Aleksei Akseshin|Vincent Favier",,"Abdoulaye Sounaye",Hausa|Arabic,"In Copyright - Rights-Holder(s) Unlocatable or Unidentifiable",PT175M,DVD,Muslim,Zaria|Nigeria,,,135-136,,
10898,https://islam.zmo.de/s/westafrica/item/10898,"Video recording",bibo:AudioVisualDocument,frederick.madore@zmo.de,true,10401,,11014|11015,https://islam.zmo.de/files/original/6bd9be4d4c31fe792335207e9a7af8bfbc039827.jpg|https://islam.zmo.de/files/original/d8419b2fd77ea36208e7950b999f4f975bcbbd34.mp4,"Ta'aziyar ""Yan Uwa Daga Ghana""","Muhammad Auwal Albani Zaria|Yan Uwa daga Ghana",,,"Daarul Hadeethis Salafiyyah","Aleksei Akseshin|Vincent Favier",,"Abdoulaye Sounaye",English,"In Copyright - Rights-Holder(s) Unlocatable or Unidentifiable",PT70M,DVD,,Zaria|Nigeria,,,,,
10899,https://islam.zmo.de/s/westafrica/item/10899,"Video recording",bibo:AudioVisualDocument,frederick.madore@zmo.de,true,10401,,10915|10916|10917|10918|11455|12883,https://islam.zmo.de/files/original/cccb97a31047c2b2b56abbf7166aecfb69f618ee.jpg|https://islam.zmo.de/files/original/6e9e1e7c79ad34bb3848fb98280440e2df0a277d.mp4|https://islam.zmo.de/files/original/5bbbeebc81f3141f74fbc9c68dd06086b2953985.mp4|https://islam.zmo.de/files/original/bffc9d9882b832c9591acb5b9a6196ac73d9e1aa.mp4|https://islam.zmo.de/files/original/9bc0b938dd1220b6886109da97d68db5eb9e45d3.pdf|https://islam.zmo.de/files/original/dbbaace502e057bbdee52a48cd6787cdbe0a0934.pdf,"Azumi Ibadar Zumunci","Muhammad Auwal Albani Zaria",Ramadan,"Sheikh M.A.A. ALBANIY gives the guideline on fasting and the importance of fasting worship in Islam with reference to the Prophet Muhammad, Hadith his lecture title.|SHEIK M.A.A. ALBANI, ya karantar damu yadda musulmin, matsayin ibadar azumi da hukunce hukunce akan azumi bisa hadith Annabi Muhammad a lakcarsa.|Sheikh M.A.A. ALBANIY donne les lignes directrices sur le jeûne et l'importance de l'adoration du jeûne dans l'Islam en se référant au Prophète Muhammad, au Hadith et au titre de sa conférence.","Daarul Hadeethis Salafiyyah","Aleksei Akseshin|Vincent Favier",2008-08-29,"Abdoulaye Sounaye",Hausa|Arabic,"In Copyright - Rights-Holder(s) Unlocatable or Unidentifiable",PT276M,DVD,,Zaria|Nigeria,,,,,
10900,https://islam.zmo.de/s/westafrica/item/10900,"Video recording",bibo:AudioVisualDocument,frederick.madore@zmo.de,true,10401,,10996|10997,https://islam.zmo.de/files/original/1ec2172ce579d21d1bf766da6a51f76b0924ff04.jpg|https://islam.zmo.de/files/original/7783c940c2f84f71177f788a36d40c0c94528f17.mp4,"Maca Uwar Al-Ummah","Muhammad Auwal Albani Zaria",,,"Daarul Hadeethis Salafiyyah","Aleksei Akseshin|Vincent Favier",,"Abdoulaye Sounaye",Hausa|Arabic,"In Copyright - Rights-Holder(s) Unlocatable or Unidentifiable",PT185M,DVD,,Zaria|Nigeria,,,,,
10901,https://islam.zmo.de/s/westafrica/item/10901,"Video recording",bibo:AudioVisualDocument,frederick.madore@zmo.de,true,10401,,10972|10973|10974|10975|10976|10977|10978,https://islam.zmo.de/files/original/cb971e34fb08d38b7eae7cda4b8118edb3397c6b.jpg|https://islam.zmo.de/files/original/a96506d0516715988558d7e33b0c00a604668ee9.mp4|https://islam.zmo.de/files/original/d6ff03167ba541a4d781d09d000d7aa73ec8b171.mp4|https://islam.zmo.de/files/original/d9fd209bdbacd28a8920bd29e5b3c26e1b4be8e7.mp4|https://islam.zmo.de/files/original/da710dc4c492ca7e048a4c53bcee942ae32501df.mp4|https://islam.zmo.de/files/original/6403f17258947b7497ac29edccfa92f9bf967361.mp4|https://islam.zmo.de/files/original/7e69badabbc3ac3ad0c205cb0ff20ce70d2b7db9.mp4,Jilbab,"Muhammad Auwal Albani Zaria",,,"Daarul Hadeethis Salafiyyah","Aleksei Akseshin|Vincent Favier",,"Abdoulaye Sounaye",Hausa|Arabic,"In Copyright - Rights-Holder(s) Unlocatable or Unidentifiable",PT208M,DVD,,Zaria|Nigeria,,,1-4,,
10902,https://islam.zmo.de/s/westafrica/item/10902,"Video recording",bibo:AudioVisualDocument,frederick.madore@zmo.de,true,10401,,11024|11025,https://islam.zmo.de/files/original/00b08d53989fb6154cecb132d5c13a4cdd7c4135.jpg|https://islam.zmo.de/files/original/312b2a5ae1ec8e03b6a5b0dc8a9e52ddf50df702.mp4,"Waya Kashe Malam Ja'afar","Muhammad Auwal Albani Zaria",,,"Daarul Hadeethis Salafiyyah","Aleksei Akseshin|Vincent Favier",,"Abdoulaye Sounaye",Hausa|Arabic,"In Copyright - Rights-Holder(s) Unlocatable or Unidentifiable",PT275M,DVD,,Zaria|Nigeria,,,1-4,,
10903,https://islam.zmo.de/s/westafrica/item/10903,"Video recording",bibo:AudioVisualDocument,frederick.madore@zmo.de,true,10401,,11026|11027|11028,https://islam.zmo.de/files/original/a0c3165b52f1bf8672fcb0134e71f0897a65568a.jpg|https://islam.zmo.de/files/original/282576b7ddbe6f7830a2ac652ad312c55b3b44bc.mp4|https://islam.zmo.de/files/original/aaefc3f283041c430300d12bb685a08b30513247.mp4,"Ziyarar 'Yan Uwa Daga Gombe","Muhammad Auwal Albani Zaria",,,"Daarul Hadeethis Salafiyyah","Aleksei Akseshin|Vincent Favier",,"Abdoulaye Sounaye",Hausa|Arabic,"In Copyright - Rights-Holder(s) Unlocatable or Unidentifiable",PT199M,DVD,,Zaria|Nigeria,,,,,
10904,https://islam.zmo.de/s/westafrica/item/10904,"Video recording",bibo:AudioVisualDocument,frederick.madore@zmo.de,true,10401,,11016|11017,https://islam.zmo.de/files/original/45f6ccfa729a6f6210fe78cc454fcb9abab1dca2.jpg|https://islam.zmo.de/files/original/716f3d1497ea1632472a03a8303d70226a4fa467.mp4,"Ta'aziyyar Ibn Uthman Ga Daliban Daarul-Hadeethis-Salafiyyah Zaria","Muhammad Auwal Albani Zaria|Ibn Uthman",,,"Daarul Hadeethis Salafiyyah","Aleksei Akseshin|Vincent Favier",,"Abdoulaye Sounaye",Hausa|Arabic,"In Copyright - Rights-Holder(s) Unlocatable or Unidentifiable",PT85M,DVD,,Zaria|Nigeria,,,,,
10905,https://islam.zmo.de/s/westafrica/item/10905,"Video recording",bibo:AudioVisualDocument,frederick.madore@zmo.de,true,10401,,11021,https://islam.zmo.de/files/original/81eda06331d27648bc6fa16d701213e297a4ffed.jpg,"W.H.O. Taji Tsoro!!!","Muhammad Auwal Albani Zaria",,,"Daarul Hadeethis Salafiyyah","Aleksei Akseshin|Vincent Favier",2013,"Abdoulaye Sounaye",Hausa|Arabic,"In Copyright - Rights-Holder(s) Unlocatable or Unidentifiable",PT116M,DVD,,Zaria|Nigeria,,,,,
10906,https://islam.zmo.de/s/westafrica/item/10906,"Video recording",bibo:AudioVisualDocument,frederick.madore@zmo.de,true,10401,,11019|11020,https://islam.zmo.de/files/original/ca70e6241589cde2cdb086700b1544eac8217c3d.jpg|https://islam.zmo.de/files/original/df09413029c1a30c3e2255224140ebd58a22f129.mp4,"Tsarin Zanan Aure a Musulunci","Muhammad Auwal Albani Zaria",,,"Daarul Hadeethis Salafiyyah","Aleksei Akseshin|Vincent Favier",,"Abdoulaye Sounaye",Hausa|Arabic,"In Copyright - Rights-Holder(s) Unlocatable or Unidentifiable",PT94M,DVD,,Zaria|Nigeria,,,1-2,,
10907,https://islam.zmo.de/s/westafrica/item/10907,"Video recording",bibo:AudioVisualDocument,frederick.madore@zmo.de,true,10401,,10945|10946,https://islam.zmo.de/files/original/e05681626431870a244f348eb005939fd16445e8.jpg|https://islam.zmo.de/files/original/5973fd230a275f38270a8d3f0d214047f5ac0bdd.mp4,"Imam Kabir Kotono","Muhammad Auwal Albani Zaria|Imam Kabir Kotono",,,"Daarul Hadeethis Salafiyyah","Aleksei Akseshin|Vincent Favier",,"Abdoulaye Sounaye",Hausa|Arabic,"In Copyright - Rights-Holder(s) Unlocatable or Unidentifiable",PT208M,DVD,,Zaria|Nigeria,,,,,
10908,https://islam.zmo.de/s/westafrica/item/10908,"Video recording",bibo:AudioVisualDocument,frederick.madore@zmo.de,true,10401,,10923|10924|10925|12882,https://islam.zmo.de/files/original/e651261a366c6d2e97a2d9bfa2340f7b3896bb29.jpg|https://islam.zmo.de/files/original/d8abf4d68ce769eff57de945c9853c5247802775.mp4|https://islam.zmo.de/files/original/e7199a9392d794f48e145cf48eb05f74a4cacc73.mp4|https://islam.zmo.de/files/original/8f72fb606fd563d48766b8c1cd80bff2c4317392.pdf,"Goron Gaiyyata","Muhammad Auwal Albani Zaria",,"Sheikh M.A.A. Albani warned politicians and the rich to stop taking everything into their homes.|Sheikh M.A.A. Albani ya yi gargadi da janhankali ga yan siyasa da mai kudi kan su daina kai masa komai gidansa don baya bukata amma shi yana da shi.","Daarul Hadeethis Salafiyyah","Aleksei Akseshin|Vincent Favier",,"Abdoulaye Sounaye",Hausa|Arabic,"In Copyright - Rights-Holder(s) Unlocatable or Unidentifiable",PT82M,DVD,,Zaria|Nigeria,,"00:01 – 17:20
Bayani akan abin da yake damunsa ga ‘yan siyasa game da abubuwan nan da suke kai a matsayin kyauta ko cin hanci.
Ni dan kasuwa ne bana neman komai ga wani dan siyasa, don ni dan kasuwa ne.
Mu ‘yan salafiyya bamu son komai agurin ku, sai dai muna son ku yi wa jama’a aikin da suke so.
A yanzu, ni dai ba zaka ba ni wani abu dan ka burge ni ba da sunan kyauta kamar mota, gida ko aure.

The Islamic scholar advises politicians and rich people to stop sending food and other goods to his house as gifts. Alabani says he is a businessman, not a bagger, because that is not charity but bribery, so he doesn't need anything as a gift from anyone, especially politicians.",,,
12820,https://islam.zmo.de/s/westafrica/item/12820,"Video recording",bibo:AudioVisualDocument,frederick.madore@zmo.de,true,12844,,12832,,"Conférence ACEEMUB : L'islam et les transactions : cas du trading et du marketing de réseau",,,"Le BEN/ACEEMUB passe par cette note pour vous informer de la diffusion en direct de la conférence mensuelle prévue pour ce dimanche  janvier  à 9 heures précises sur le campus d'Abomey Calavi dans l'amphithéâtre HOUNDEGBE. Cette conférence portera sur :
L'islam et les transactions financières : cas du trading et du marketing de réseau
Conférencier : Dr CHITOU Abdoul Matinou","Association Culturelle des Étudiants et Élèves Musulmans du Bénin","Frédérick Madore",2021-01-31,,French,"In Copyright - Educational Use Permitted",PT3M5S,,,Benin,,,,,https://www.youtube.com/watch?v=L3p93Uiasbc
12821,https://islam.zmo.de/s/westafrica/item/12821,"Video recording",bibo:AudioVisualDocument,frederick.madore@zmo.de,true,12844,,12833,,"ACEEMUB : SEFOR 2018 A PORTO-NOVO",,,"Fatihath CHANOU, élève en 2nd présente un discours devant le public après avoir suivi le module de cours sur le Développement Personnel.","Association Culturelle des Étudiants et Élèves Musulmans du Bénin","Frédérick Madore",2019-03-09,,French,"In Copyright - Educational Use Permitted",PT55S,,,Benin,,,,,https://www.youtube.com/watch?v=OHyYDtWltsA
12822,https://islam.zmo.de/s/westafrica/item/12822,"Video recording",bibo:AudioVisualDocument,frederick.madore@zmo.de,true,12844,,12834,,"ACEEMUB : SEFOR 2018 A PORTO-NOVO",,,"SEMINAIRE DE FORMATION DES RESPONSABLES 2018 A PORTO NOVO, c'est le moment pour les élèves et étudiants musulmans de la localité de Porto Novo de se faire former durant trois jours dans les modules suivants :
1- CONNAISSANCE DE L'ACEEMUB
2- GESTION ADMINISTRATIVE
3- GESTION COMPTABLE ET FINANCIÈRE
4- GESTION DE PROJET
5- DÉVELOPPEMENT PERSONNEL
6- SPIRITUALITÉ","Association Culturelle des Étudiants et Élèves Musulmans du Bénin","Frédérick Madore",2019-03-09,,French,"In Copyright - Educational Use Permitted",PT1M34S,,,Benin,,,,,https://www.youtube.com/watch?v=C0VUBBPFQMI
12823,https://islam.zmo.de/s/westafrica/item/12823,"Video recording",bibo:AudioVisualDocument,frederick.madore@zmo.de,true,12844,,12835,,"ACEEMUB : Djougou, 9ème Congrès ordinaire !",,,"L'ACEEMUB s'est réunie du 02 au 05 Août 2019 à Djougou pour organiser son 9ème congrès ordinaire conformément aux dispositions statutaires de l'Association. C'est au terme de ce congrès qu'a été renouvelé le Bureau Exécutif National chargé de conduire la destinée de l'Association pour les deux prochaines années. Un Bureau constitué de https://www.aceemub.org/aceemub/organes/ben-actuel-2019-2021/","Association Culturelle des Étudiants et Élèves Musulmans du Bénin","Frédérick Madore",2019-08-15,,French,"In Copyright - Educational Use Permitted",PT3M26S,,,Benin,,,,,https://www.youtube.com/watch?v=utEnscu_I_M
12824,https://islam.zmo.de/s/westafrica/item/12824,"Video recording",bibo:AudioVisualDocument,frederick.madore@zmo.de,true,12844,,12836,,"bonne priere",,,"ACEEMUB vous souhaite bonne priere.","Association Culturelle des Étudiants et Élèves Musulmans du Bénin","Frédérick Madore",2018-03-09,,French,"In Copyright - Educational Use Permitted",PT6M,,,Benin,,,,,https://www.youtube.com/watch?v=GKA0tcGm1RY
12825,https://islam.zmo.de/s/westafrica/item/12825,"Video recording",bibo:AudioVisualDocument,frederick.madore@zmo.de,true,12844,,12837,,"ANIMATION CULTURELLE LOCALITE DJOUGOU  ACEEMUB",,,"Dans le cadre de l'organisation du congrès de l'ACEEMUB edition 2019, le Bureau Local de Coordination de Djougou a organisé une animation culturelle pour le public.","Association Culturelle des Étudiants et Élèves Musulmans du Bénin","Frédérick Madore",2019-08-04,,French,"In Copyright - Educational Use Permitted",PT6M46S,,,Benin,,,,,https://www.youtube.com/watch?v=Nr2h1nOwc0o
12826,https://islam.zmo.de/s/westafrica/item/12826,"Video recording",bibo:AudioVisualDocument,frederick.madore@zmo.de,true,12844,,12838,,"ACEEMUB, IBOURAIMA Idrissa meilleur récitateur du coran pour représenter l'ACEEMUB au Togo",,,"Le Bureau Exécutif National de l'ACEEMUB a effectué dans la matinée de ce jour, Jeudi 16 Mai 2019, une compétition du Coran pour la s Mai élection du meilleur recitateur du Coran qui va représenter les élèves et étudiants musulmans du Bénin au concours national de récitation du saint Coran au Togo-CNRSC- organisé par l'AEEMT.
Cinq localités en competition (Djougou, Tanguieta, Abomey Calavi, Cotonou Est et Cotonou Ouest) : une seule est retenue gagnante, il s'agit de Cotonou Ouest avec son candidat IBOURAIMA Idrissa, Microbiologiste en formation.
C'est lui qui représentera désormais le Bénin au Togo pour le CNRSC.
Qu'Allah vous récompense !!!","Association Culturelle des Étudiants et Élèves Musulmans du Bénin","Frédérick Madore",2019-05-16,,French,"In Copyright - Educational Use Permitted",PT1M13S,,,Benin,,,,,https://www.youtube.com/watch?v=25FXcroBwMo
12827,https://islam.zmo.de/s/westafrica/item/12827,"Video recording",bibo:AudioVisualDocument,frederick.madore@zmo.de,true,12844,,12839,,"La premiere conference mensuelle du BEN",,,"Les formations universitaires et les réalités du monde de l'emploi.","Association Culturelle des Étudiants et Élèves Musulmans du Bénin","Frédérick Madore",2018-03-06,,French,"In Copyright - Educational Use Permitted",PT1M53S,,,Benin,,,,,https://www.youtube.com/watch?v=J0MQABXAzqM
12828,https://islam.zmo.de/s/westafrica/item/12828,"Video recording",bibo:AudioVisualDocument,frederick.madore@zmo.de,true,12844,,12840,,"Communiqué du Bureau Exécutif National de l'ACEEMUB",,,"Communiqué de la Conférence Mensuelle de Novembre 2021.","Association Culturelle des Étudiants et Élèves Musulmans du Bénin","Frédérick Madore",2021-11-19,,French,"In Copyright - Educational Use Permitted",PT53S,,,Benin,,,,,https://www.youtube.com/watch?v=R2SVNC4ndyM
12829,https://islam.zmo.de/s/westafrica/item/12829,"Video recording",bibo:AudioVisualDocument,frederick.madore@zmo.de,true,12844,,12841,,"Les formations universitaires et les réalités du monde de l'emploi",,,,"Association Culturelle des Étudiants et Élèves Musulmans du Bénin","Frédérick Madore",2018-03-07,,French,"In Copyright - Educational Use Permitted",PT20S,,,Benin,,,,,https://www.youtube.com/watch?v=nIq5x4eoM3g
12830,https://islam.zmo.de/s/westafrica/item/12830,"Video recording",bibo:AudioVisualDocument,frederick.madore@zmo.de,true,12844,,12842,,"ACEEMUB : Conférence mensuelle Février 2018",,,"ACEEMUB a organisé une conférence pour les étudiants sur le campus d'Abomey Calavi afin de les inviter à prendre conscience des formations universitaires et les réalités du monde de l'emploi.","Association Culturelle des Étudiants et Élèves Musulmans du Bénin","Frédérick Madore",2018-03-07,,French,"In Copyright - Educational Use Permitted",PT1M9S,,,Benin,,,,,https://www.youtube.com/watch?v=GRebJ9U0D_0
12831,https://islam.zmo.de/s/westafrica/item/12831,"Video recording",bibo:AudioVisualDocument,frederick.madore@zmo.de,true,12844,,12843,,"ACEEMUB SAUVE DES VIES : VENDREDI 22/02/19",,,"Campagne de don de sang organisée par l'ACEEMUB le Vendredi 22 Février 2019 sur le Campus d'Abomey Calavi et à l'Ecole Nationale d'Economie Appliquée et de Management. Cette campagne avait pour but de collecter des poches de sang auprès des étudiants afin de sauver des vies humaines.","Association Culturelle des Étudiants et Élèves Musulmans du Bénin","Frédérick Madore",2019-03-09,,French,"In Copyright - Educational Use Permitted",PT26S,,,Benin,,,,,https://www.youtube.com/watch?v=ahteEaCvGQQ
12846,https://islam.zmo.de/s/westafrica/item/12846,"Video recording",bibo:AudioVisualDocument,frederick.madore@zmo.de,true,12844,,12863,,"Le Hajj est-il obligatoire ?",,,,"Amicale des Intellectuels Musulmans du Bénin","Frédérick Madore",2022-07-05,,French,"In Copyright - Educational Use Permitted",PT5M,,,Benin,,,,,https://www.youtube.com/watch?v=5yfWP6hCdlk
12847,https://islam.zmo.de/s/westafrica/item/12847,"Video recording",bibo:AudioVisualDocument,frederick.madore@zmo.de,true,12844,,12864,,"Qu'est ce que le Hajj et qu'est ce que la Oumra ?",,,,"Amicale des Intellectuels Musulmans du Bénin","Frédérick Madore",2022-07-03,,French,"In Copyright - Educational Use Permitted",PT4M49S,,,Benin,,,,,https://www.youtube.com/watch?v=clQf9bpblUI
12848,https://islam.zmo.de/s/westafrica/item/12848,"Video recording",bibo:AudioVisualDocument,frederick.madore@zmo.de,true,12844,,12865,,"Les différentes catégories de jeûne",,,,"Amicale des Intellectuels Musulmans du Bénin","Frédérick Madore",2023-03-23,,French,"In Copyright - Educational Use Permitted",PT5M42S,,,Benin,,,,,https://www.youtube.com/watch?v=H7k3MzZK11k
12849,https://islam.zmo.de/s/westafrica/item/12849,"Video recording",bibo:AudioVisualDocument,frederick.madore@zmo.de,true,12844,,12866,,"Ramadan 23   2   SD 480 p",,,,"Amicale des Intellectuels Musulmans du Bénin","Frédérick Madore",2023-03-26,,French,"In Copyright - Educational Use Permitted",PT12M2S,,,Benin,,,,,https://www.youtube.com/watch?v=c_4szN_0MTc
12850,https://islam.zmo.de/s/westafrica/item/12850,"Video recording",bibo:AudioVisualDocument,frederick.madore@zmo.de,true,12844,,12867,,"HAJJ ET OUMRA : QUELLES SONT LES CONDITIONS D'OBLICATION ?",,,"LA OUMRA EST-ELLEOBLIGATOIRE TOUT COMME LE HAJJ ET QUELLES SONT LES CONDITIONS D'OBLIGATION DUHAJJ ET DE LA OUMRA ?","Amicale des Intellectuels Musulmans du Bénin","Frédérick Madore",2022-07-06,,French,"In Copyright - Educational Use Permitted",PT9M20S,,,Benin,,,,,https://www.youtube.com/watch?v=NIKAjApQkss
12851,https://islam.zmo.de/s/westafrica/item/12851,"Video recording",bibo:AudioVisualDocument,frederick.madore@zmo.de,true,12844,,12868,,"LE HAJJ ET APRÈS ?",,,"LE HAJJ ET APRÈS ?
par Oustaz Moubarakou SALAMI","Amicale des Intellectuels Musulmans du Bénin","Frédérick Madore",2022-07-14,,French,"In Copyright - Educational Use Permitted",PT13M20S,,,Benin,,,,,https://www.youtube.com/watch?v=BDh5ezDpmOI
12852,https://islam.zmo.de/s/westafrica/item/12852,"Video recording",bibo:AudioVisualDocument,frederick.madore@zmo.de,true,12844,,12869,,"Le mois de Ramadan : Définition et Origine",,,"Le mois de Ramadan : Définition et Origine
Par Abdel Kamel CHANOU","Amicale des Intellectuels Musulmans du Bénin","Frédérick Madore",2023-04-04,,French,"In Copyright - Educational Use Permitted",PT12M37S,,,Benin,,,,,https://www.youtube.com/watch?v=E4ldqGuyr6s
12853,https://islam.zmo.de/s/westafrica/item/12853,"Video recording",bibo:AudioVisualDocument,frederick.madore@zmo.de,true,12844,,12870,,"Comment établir la vision du croissant lunaire ?",,,"Comment établir la vision du croissant lunaire (Abdoul Wassiou ILYAS)","Amicale des Intellectuels Musulmans du Bénin","Frédérick Madore",2023-04-01,,French,"In Copyright - Educational Use Permitted",PT16M42S,,,Benin,,,,,https://www.youtube.com/watch?v=X_BlUWnGWHM
12854,https://islam.zmo.de/s/westafrica/item/12854,"Video recording",bibo:AudioVisualDocument,frederick.madore@zmo.de,true,12844,,12871,,"Quelles sont les mesures à prendre lors du pélérinage ?",,,"Quelles sont les mesures à prendre lors du pélérinage ?","Amicale des Intellectuels Musulmans du Bénin","Frédérick Madore",2022-07-07,,French,"In Copyright - Educational Use Permitted",PT10M50S,,,Benin,,,,,https://www.youtube.com/watch?v=hIpvQfsfWcY
12855,https://islam.zmo.de/s/westafrica/item/12855,"Video recording",bibo:AudioVisualDocument,frederick.madore@zmo.de,true,12844,,12872,,"Journée des Sciences Islamiques 2016 Vol 1/2",,,"La communauté musulmane du Bénin face à la problématique du terrorisme","Amicale des Intellectuels Musulmans du Bénin","Frédérick Madore",2018-05-02,,French,"In Copyright - Educational Use Permitted",PT54M52S,,,Benin,,,,,https://www.youtube.com/watch?v=E3E1u939vVY
12856,https://islam.zmo.de/s/westafrica/item/12856,"Video recording",bibo:AudioVisualDocument,frederick.madore@zmo.de,true,12844,,12873,,"Debat Cotonou 14 01 2017 Vol 3/3",,,"La lutte contre la corruption : condition spirituelle pour un développement réussi des nations.","Amicale des Intellectuels Musulmans du Bénin","Frédérick Madore",2018-04-30,,French,"In Copyright - Educational Use Permitted",PT1H20M49S,,,Benin,,,,,https://www.youtube.com/watch?v=VL0RA13bO0Y
12857,https://islam.zmo.de/s/westafrica/item/12857,"Video recording",bibo:AudioVisualDocument,frederick.madore@zmo.de,true,12844,,12874,,"QUELLE MÉTHODE PERMET DE CONNAITRE AVEC CERTITUDE LE COMMENCEMENT DE CHAQUE MOIS LUNAIRE ?",,,"QUELLE MÉTHODE PERMET DE CONNAITRE AVEC CERTITUDE LE COMMENCEMENT DE CHAQUE MOIS LUNAIRE ?","Amicale des Intellectuels Musulmans du Bénin","Frédérick Madore",2022-04-17,,French,"In Copyright - Educational Use Permitted",PT8M54S,,,Benin,,,,,https://www.youtube.com/watch?v=NXmks7I3pbg
12858,https://islam.zmo.de/s/westafrica/item/12858,"Video recording",bibo:AudioVisualDocument,frederick.madore@zmo.de,true,12844,,12875,,"Debat Cotonou 14 01 2017 Vol 2/3",,,"La lutte contre la corruption : condition spirituelle pour un développement réussi des nations.","Amicale des Intellectuels Musulmans du Bénin","Frédérick Madore",2018-04-30,,French,"In Copyright - Educational Use Permitted",PT1H30M52S,,,Benin,,,,,https://www.youtube.com/watch?v=lveFUIdYKmI
12859,https://islam.zmo.de/s/westafrica/item/12859,"Video recording",bibo:AudioVisualDocument,frederick.madore@zmo.de,true,12844,,12876,,"Pourquoi le Stationnement à ARAFA ?",,,"Pourquoi le Stationnement à ARAFA ?
Pourquoi le déferlement de ARAFA à MUZDALIFA ?
Que fait-on à MINA ?","Amicale des Intellectuels Musulmans du Bénin","Frédérick Madore",2022-07-07,,French,"In Copyright - Educational Use Permitted",PT30M7S,,,Benin,,,,,https://www.youtube.com/watch?v=0HSJYrZJnYI
12860,https://islam.zmo.de/s/westafrica/item/12860,"Video recording",bibo:AudioVisualDocument,frederick.madore@zmo.de,true,12844,,12877,,"Debat Cotonou 14 01 2017  Vol 1/3",,,"La lutte contre la corruption : condition spirituelle pour un développement réussi des nations.","Amicale des Intellectuels Musulmans du Bénin","Frédérick Madore",2018-04-30,,French,"In Copyright - Educational Use Permitted",PT1H32M18S,,,Benin,,,,,https://www.youtube.com/watch?v=c6GBhVnMx_A
12861,https://islam.zmo.de/s/westafrica/item/12861,"Video recording",bibo:AudioVisualDocument,frederick.madore@zmo.de,true,12844,,12878,,"Journée des Sciences Islamiques 2016 Vol 2/2",,,"La communauté musulmane du Bénin face à la problématique du terrorisme","Amicale des Intellectuels Musulmans du Bénin","Frédérick Madore",2018-05-02,,French,"In Copyright - Educational Use Permitted",PT57M7S,,,Benin,,,,,https://www.youtube.com/watch?v=gZbRL3wsuH0
12862,https://islam.zmo.de/s/westafrica/item/12862,"Video recording",bibo:AudioVisualDocument,frederick.madore@zmo.de,true,12844,,12879,,"Zakat El Fitr",,,"Zakat El Fitr
Par Abdoul Wahab ALAO","Amicale des Intellectuels Musulmans du Bénin","Frédérick Madore",2023-04-21,,French,"In Copyright - Educational Use Permitted",PT10M25S,,,Benin,,,,,https://www.youtube.com/watch?v=uVLnj8zLD5U
